type,name,country1,country2,country3,country4,country5,country6,country7,country8,country9,country10,country11,country12,country13,country14,country15,country16,country17,country18,country19,country20,country21
first,Aaron,Andorra,Belgium,England,Germany,Gibraltar,Netherlands,Northern Ireland,Spain,Wales,,,,,,,,,,,,
first,Aatos,Finland,,,,,,,,,,,,,,,,,,,,
first,Abel,Andorra,Gibraltar,Portugal,Spain,,,,,,,,,,,,,,,,,
first,Abzal,Kazakhstan,,,,,,,,,,,,,,,,,,,,
first,Achilleas,Cyprus,Greece,,,,,,,,,,,,,,,,,,,
first,Aco,North Macedonia,,,,,,,,,,,,,,,,,,,,
first,Adam,Belgium,Czechia,Denmark,England,France,Germany,Gibraltar,Hungary,Malta,Moldova,Monaco,Norway,Poland,Romania,Scotland,Slovakia,Sweden,Wales,,,
first,Adnan,Bosnia,,,,,,,,,,,,,,,,,,,,
first,Adrian,Andorra,Denmark,Gibraltar,Hungary,Moldova,Poland,Portugal,Romania,Spain,Sweden,,,,,,,,,,,
first,Adrien,Belgium,France,Liechtenstein,Monaco,Switzerland,,,,,,,,,,,,,,,,
first,Afonso,Portugal,,,,,,,,,,,,,,,,,,,,
first,Aghabala,Azerbaijan,,,,,,,,,,,,,,,,,,,,
first,Agim,Albania,Kosovo,,,,,,,,,,,,,,,,,,,
first,Ahmet,Turkey,,,,,,,,,,,,,,,,,,,,
first,Aibek,Kazakhstan,,,,,,,,,,,,,,,,,,,,
first,Aidan,England,Gibraltar,Northern Ireland,Republic of Ireland,Scotland,,,,,,,,,,,,,,,,
first,Aigars,Latvia,,,,,,,,,,,,,,,,,,,,
first,Aitor,Andorra,Gibraltar,Spain,,,,,,,,,,,,,,,,,,
first,Aivars,Latvia,,,,,,,,,,,,,,,,,,,,
first,Akos,Hungary,,,,,,,,,,,,,,,,,,,,
first,Alain,Belgium,France,Liechtenstein,Monaco,Switzerland,,,,,,,,,,,,,,,,
first,Alan,Northern Ireland,,,,,,,,,,,,,,,,,,,,
first,Albert,Austria,England,Germany,Gibraltar,Liechtenstein,Switzerland,,,,,,,,,,,,,,,
first,Alberto,Andorra,Gibraltar,Italy,San Marino,Spain,,,,,,,,,,,,,,,,
first,Albin,Sweden,,,,,,,,,,,,,,,,,,,,
first,Aled,Wales,,,,,,,,,,,,,,,,,,,,
first,Alejandro,Andorra,Gibraltar,Spain,,,,,,,,,,,,,,,,,,
first,Aleksa,Montenegro,Serbia,,,,,,,,,,,,,,,,,,,
first,Aleksandar,Bulgaria,Croatia,Montenegro,North Macedonia,Serbia,Slovenia,,,,,,,,,,,,,,,
first,Aleksander,Estonia,Norway,Poland,,,,,,,,,,,,,,,,,,
first,Aleksandr,Belarus,Russia,,,,,,,,,,,,,,,,,,,
first,Aleksandre,Georgia,,,,,,,,,,,,,,,,,,,,
first,Aleksei,Belarus,Russia,,,,,,,,,,,,,,,,,,,
first,Aleksi,Finland,,,,,,,,,,,,,,,,,,,,
first,Ales,Slovenia,,,,,,,,,,,,,,,,,,,,
first,Alessandro,Italy,San Marino,,,,,,,,,,,,,,,,,,,
first,Alessio,Italy,San Marino,,,,,,,,,,,,,,,,,,,
first,Alex,Andorra,Belgium,France,Germany,Gibraltar,Monaco,Portugal,Spain,,,,,,,,,,,,,
first,Alexander,Austria,Denmark,England,Germany,Gibraltar,Liechtenstein,Norway,Scotland,Switzerland,,,,,,,,,,,,
first,Alexandre,Belgium,France,Liechtenstein,Monaco,Switzerland,,,,,,,,,,,,,,,,
first,Alexandros,Cyprus,Greece,,,,,,,,,,,,,,,,,,,
first,Alexandru,Moldova,Romania,,,,,,,,,,,,,,,,,,,
first,Alexei,Belarus,Russia,,,,,,,,,,,,,,,,,,,
first,Alexey,Russia,,,,,,,,,,,,,,,,,,,,
first,Alfie,England,Gibraltar,,,,,,,,,,,,,,,,,,,
first,Alfonso,Andorra,Gibraltar,Spain,,,,,,,,,,,,,,,,,,
first,Alfred,England,Gibraltar,Iceland,Sweden,,,,,,,,,,,,,,,,,
first,Algirdas,Lithuania,,,,,,,,,,,,,,,,,,,,
first,Ali,Turkey,,,,,,,,,,,,,,,,,,,,
first,Alibek,Kazakhstan,,,,,,,,,,,,,,,,,,,,
first,Alin,Moldova,Romania,,,,,,,,,,,,,,,,,,,
first,Alistair,Scotland,,,,,,,,,,,,,,,,,,,,
first,Almas,Kazakhstan,,,,,,,,,,,,,,,,,,,,
first,Almir,Bosnia,,,,,,,,,,,,,,,,,,,,
first,Alonso,Andorra,Gibraltar,Spain,,,,,,,,,,,,,,,,,,
first,Alper,Turkey,,,,,,,,,,,,,,,,,,,,
first,Alperen,Turkey,,,,,,,,,,,,,,,,,,,,
first,Alvaro,Andorra,Gibraltar,Spain,,,,,,,,,,,,,,,,,,
first,Amar,Bosnia,,,,,,,,,,,,,,,,,,,,
first,Amit,Israel,,,,,,,,,,,,,,,,,,,,
first,Anar,Azerbaijan,,,,,,,,,,,,,,,,,,,,
first,Anastasios,Cyprus,Greece,,,,,,,,,,,,,,,,,,,
first,Anatolie,Moldova,,,,,,,,,,,,,,,,,,,,
first,Anatoly,Belarus,Russia,Ukraine,,,,,,,,,,,,,,,,,,
first,Ander,Andorra,Gibraltar,Spain,,,,,,,,,,,,,,,,,,
first,Anders,Denmark,Sweden,,,,,,,,,,,,,,,,,,,
first,Andras,Hungary,,,,,,,,,,,,,,,,,,,,
first,Andre,Belgium,France,Germany,Malta,Monaco,,,,,,,,,,,,,,,,
first,Andrea,Italy,San Marino,,,,,,,,,,,,,,,,,,,
first,Andreas,Austria,Cyprus,Denmark,Germany,Liechtenstein,Norway,Sweden,Switzerland,,,,,,,,,,,,,
first,Andrei,Belarus,Moldova,Romania,Russia,,,,,,,,,,,,,,,,,
first,Andrej,Montenegro,Serbia,Slovakia,Slovenia,,,,,,,,,,,,,,,,,
first,Andres,Andorra,Estonia,Gibraltar,Spain,,,,,,,,,,,,,,,,,
first,Andrew,England,Gibraltar,Northern Ireland,Scotland,,,,,,,,,,,,,,,,,
first,Andrias,Faroe Islands,,,,,,,,,,,,,,,,,,,,
first,Andrija,Montenegro,,,,,,,,,,,,,,,,,,,,
first,Andris,Latvia,,,,,,,,,,,,,,,,,,,,
first,Andriy,Ukraine,,,,,,,,,,,,,,,,,,,,
first,Andrzej,Poland,,,,,,,,,,,,,,,,,,,,
first,Anel,Bosnia,,,,,,,,,,,,,,,,,,,,
first,Angel,Andorra,Bulgaria,Gibraltar,North Macedonia,Spain,,,,,,,,,,,,,,,,
first,Angelo,Italy,San Marino,,,,,,,,,,,,,,,,,,,
first,Angus,Scotland,,,,,,,,,,,,,,,,,,,,
first,Ante,Croatia,,,,,,,,,,,,,,,,,,,,
first,Anthony,Belgium,England,France,Gibraltar,Liechtenstein,Monaco,Switzerland,,,,,,,,,,,,,,
first,Anton,Austria,Belarus,Bulgaria,Czechia,Denmark,Germany,Latvia,Liechtenstein,Lithuania,North Macedonia,Norway,Russia,Sweden,Switzerland,Ukraine,,,,,,
first,Antoni,Poland,,,,,,,,,,,,,,,,,,,,
first,Antonio,Andorra,Gibraltar,Italy,Portugal,San Marino,Spain,,,,,,,,,,,,,,,
first,Antonios,Cyprus,Greece,,,,,,,,,,,,,,,,,,,
first,Antti,Finland,,,,,,,,,,,,,,,,,,,,
first,Apostolos,Cyprus,Greece,,,,,,,,,,,,,,,,,,,
first,Aram,Armenia,,,,,,,,,,,,,,,,,,,,
first,Ararat,Armenia,,,,,,,,,,,,,,,,,,,,
first,Arben,Albania,Kosovo,,,,,,,,,,,,,,,,,,,
first,Arber,Kosovo,,,,,,,,,,,,,,,,,,,,
first,Archie,England,Gibraltar,Scotland,,,,,,,,,,,,,,,,,,
first,Arda,Turkey,,,,,,,,,,,,,,,,,,,,
first,Ardit,Albania,Kosovo,,,,,,,,,,,,,,,,,,,
first,Aristeidis,Cyprus,Greece,,,,,,,,,,,,,,,,,,,
first,Arkadiusz,Poland,,,,,,,,,,,,,,,,,,,,
first,Arman,Armenia,,,,,,,,,,,,,,,,,,,,
first,Armando,Albania,Kosovo,,,,,,,,,,,,,,,,,,,
first,Armen,Armenia,,,,,,,,,,,,,,,,,,,,
first,Armin,Austria,Bosnia,Germany,Liechtenstein,Switzerland,,,,,,,,,,,,,,,,
first,Arnar,Iceland,,,,,,,,,,,,,,,,,,,,
first,Arnas,Lithuania,,,,,,,,,,,,,,,,,,,,
first,Arni,Iceland,,,,,,,,,,,,,,,,,,,,
first,Aron,Iceland,Sweden,,,,,,,,,,,,,,,,,,,
first,Arsen,Russia,,,,,,,,,,,,,,,,,,,,
first,Artak,Armenia,,,,,,,,,,,,,,,,,,,,
first,Artem,Belarus,Russia,Ukraine,,,,,,,,,,,,,,,,,,
first,Arthur,Belgium,England,France,Gibraltar,Luxembourg,Monaco,Wales,,,,,,,,,,,,,,
first,Artis,Latvia,,,,,,,,,,,,,,,,,,,,
first,Arttu,Finland,,,,,,,,,,,,,,,,,,,,
first,Artur,Armenia,Moldova,Poland,,,,,,,,,,,,,,,,,,
first,Artyom,Russia,,,,,,,,,,,,,,,,,,,,
first,Arvid,Sweden,,,,,,,,,,,,,,,,,,,,
first,Arvydas,Lithuania,,,,,,,,,,,,,,,,,,,,
first,Asgeir,Iceland,,,,,,,,,,,,,,,,,,,,
first,Ashley,England,Gibraltar,Wales,,,,,,,,,,,,,,,,,,
first,Ashot,Armenia,,,,,,,,,,,,,,,,,,,,
first,Askar,Kazakhstan,,,,,,,,,,,,,,,,,,,,
first,Asmir,Bosnia,,,,,,,,,,,,,,,,,,,,
first,Atakan,Turkey,,,,,,,,,,,,,,,,,,,,
first,Athanasios,Cyprus,Greece,,,,,,,,,,,,,,,,,,,
first,Attila,Hungary,Moldova,Romania,,,,,,,,,,,,,,,,,,
first,Aurelien,Luxembourg,,,,,,,,,,,,,,,,,,,,
first,Avi,Israel,,,,,,,,,,,,,,,,,,,,
first,Axel,Denmark,Sweden,,,,,,,,,,,,,,,,,,,
first,Ayberk,Turkey,,,,,,,,,,,,,,,,,,,,
first,Aykut,Turkey,,,,,,,,,,,,,,,,,,,,
first,Azamat,Kazakhstan,,,,,,,,,,,,,,,,,,,,
first,Bachana,Georgia,,,,,,,,,,,,,,,,,,,,
first,Badri,Georgia,,,,,,,,,,,,,,,,,,,,
first,Baglan,Kazakhstan,,,,,,,,,,,,,,,,,,,,
first,Bagrat,Armenia,,,,,,,,,,,,,,,,,,,,
first,Bahlul,Azerbaijan,,,,,,,,,,,,,,,,,,,,
first,Balazs,Hungary,,,,,,,,,,,,,,,,,,,,
first,Baldur,Iceland,,,,,,,,,,,,,,,,,,,,
first,Balsa,Montenegro,,,,,,,,,,,,,,,,,,,,
first,Baptiste,Belgium,France,Liechtenstein,Monaco,Switzerland,,,,,,,,,,,,,,,,
first,Barak,Israel,,,,,,,,,,,,,,,,,,,,
first,Baran,Turkey,,,,,,,,,,,,,,,,,,,,
first,Bardh,Kosovo,,,,,,,,,,,,,,,,,,,,
first,Baris,Turkey,,,,,,,,,,,,,,,,,,,,
first,Barnabas,Hungary,,,,,,,,,,,,,,,,,,,,
first,Barry,England,Gibraltar,Republic of Ireland,Wales,,,,,,,,,,,,,,,,,
first,Bart,Netherlands,,,,,,,,,,,,,,,,,,,,
first,Bartal,Faroe Islands,,,,,,,,,,,,,,,,,,,,
first,Bartosz,Poland,,,,,,,,,,,,,,,,,,,,
first,Bas,Netherlands,,,,,,,,,,,,,,,,,,,,
first,Bastian,Germany,,,,,,,,,,,,,,,,,,,,
first,Batuhan,Turkey,,,,,,,,,,,,,,,,,,,,
first,Bauyrzhan,Kazakhstan,,,,,,,,,,,,,,,,,,,,
first,Beka,Georgia,,,,,,,,,,,,,,,,,,,,
first,Bekim,Albania,Kosovo,,,,,,,,,,,,,,,,,,,
first,Bekzat,Kazakhstan,,,,,,,,,,,,,,,,,,,,
first,Ben,Belgium,Germany,Israel,Luxembourg,Netherlands,,,,,,,,,,,,,,,,
first,Bence,Hungary,,,,,,,,,,,,,,,,,,,,
first,Benjamin,Belgium,Denmark,England,France,Germany,Gibraltar,Monaco,Norway,Sweden,Wales,,,,,,,,,,,
first,Benoit,Belgium,France,Liechtenstein,Monaco,Switzerland,,,,,,,,,,,,,,,,
first,Bent,Denmark,,,,,,,,,,,,,,,,,,,,
first,Berk,Turkey,,,,,,,,,,,,,,,,,,,,
first,Berkay,Turkey,,,,,,,,,,,,,,,,,,,,
first,Bernardo,Portugal,,,,,,,,,,,,,,,,,,,,
first,Bernd,Austria,Germany,Liechtenstein,,,,,,,,,,,,,,,,,,
first,Besnik,Albania,Kosovo,,,,,,,,,,,,,,,,,,,
first,Billy,England,Gibraltar,Scotland,,,,,,,,,,,,,,,,,,
first,Birger,Norway,Sweden,,,,,,,,,,,,,,,,,,,
first,Birgir,Iceland,,,,,,,,,,,,,,,,,,,,
first,Birkir,Iceland,,,,,,,,,,,,,,,,,,,,
first,Bjarne,Denmark,Norway,,,,,,,,,,,,,,,,,,,
first,Bjarni,Iceland,,,,,,,,,,,,,,,,,,,,
first,Bjorn,Belgium,Denmark,Germany,Iceland,Malta,Netherlands,Norway,Sweden,,,,,,,,,,,,,
first,Blagoja,North Macedonia,,,,,,,,,,,,,,,,,,,,
first,Blake,England,Gibraltar,,,,,,,,,,,,,,,,,,,
first,Blaz,Slovenia,,,,,,,,,,,,,,,,,,,,
first,Blazo,Montenegro,,,,,,,,,,,,,,,,,,,,
first,Blerim,Albania,Kosovo,,,,,,,,,,,,,,,,,,,
first,Bo,Denmark,Sweden,,,,,,,,,,,,,,,,,,,
first,Boban,North Macedonia,,,,,,,,,,,,,,,,,,,,
first,Bobby,England,Gibraltar,Scotland,,,,,,,,,,,,,,,,,,
first,Bogdan,Belarus,Moldova,Poland,Romania,Ukraine,,,,,,,,,,,,,,,,
first,Bohdan,Ukraine,,,,,,,,,,,,,,,,,,,,
first,Bojan,Montenegro,North Macedonia,Serbia,Slovenia,,,,,,,,,,,,,,,,,
first,Borce,North Macedonia,,,,,,,,,,,,,,,,,,,,
first,Boris,Belarus,Bulgaria,Croatia,Latvia,Montenegro,North Macedonia,Russia,Serbia,,,,,,,,,,,,,
first,Borna,Croatia,,,,,,,,,,,,,,,,,,,,
first,Bostjan,Slovenia,,,,,,,,,,,,,,,,,,,,
first,Boyan,Bulgaria,North Macedonia,,,,,,,,,,,,,,,,,,,
first,Bozhidar,Bulgaria,North Macedonia,,,,,,,,,,,,,,,,,,,
first,Bozidar,Montenegro,,,,,,,,,,,,,,,,,,,,
first,Bradley,England,Gibraltar,Northern Ireland,,,,,,,,,,,,,,,,,,
first,Bram,Netherlands,,,,,,,,,,,,,,,,,,,,
first,Brandon,England,Gibraltar,Malta,,,,,,,,,,,,,,,,,,
first,Brandur,Faroe Islands,,,,,,,,,,,,,,,,,,,,
first,Branislav,Montenegro,Serbia,,,,,,,,,,,,,,,,,,,
first,Brendan,Republic of Ireland,,,,,,,,,,,,,,,,,,,,
first,Brian,England,Gibraltar,Northern Ireland,Scotland,,,,,,,,,,,,,,,,,
first,Bruce,Scotland,,,,,,,,,,,,,,,,,,,,
first,Bruno,Andorra,Austria,Croatia,Germany,Gibraltar,Liechtenstein,Portugal,Spain,Switzerland,,,,,,,,,,,,
first,Bryn,Wales,,,,,,,,,,,,,,,,,,,,
first,Bugra,Turkey,,,,,,,,,,,,,,,,,,,,
first,Burak,Turkey,,,,,,,,,,,,,,,,,,,,
first,Caglar,Turkey,,,,,,,,,,,,,,,,,,,,
first,Cain,Malta,,,,,,,,,,,,,,,,,,,,
first,Caleb,England,Gibraltar,,,,,,,,,,,,,,,,,,,
first,Callum,Scotland,,,,,,,,,,,,,,,,,,,,
first,Cameron,England,Gibraltar,Scotland,,,,,,,,,,,,,,,,,,
first,Can,Turkey,,,,,,,,,,,,,,,,,,,,
first,Carl,England,Gibraltar,Sweden,,,,,,,,,,,,,,,,,,
first,Carlos,Andorra,Gibraltar,Portugal,Spain,,,,,,,,,,,,,,,,,
first,Carmine,Italy,San Marino,,,,,,,,,,,,,,,,,,,
first,Carwyn,Wales,,,,,,,,,,,,,,,,,,,,
first,Cas,Netherlands,,,,,,,,,,,,,,,,,,,,
first,Casper,Denmark,,,,,,,,,,,,,,,,,,,,
first,Catalin,Moldova,Romania,,,,,,,,,,,,,,,,,,,
first,Cathal,Republic of Ireland,,,,,,,,,,,,,,,,,,,,
first,Cedric,Belgium,England,France,Gibraltar,Liechtenstein,Monaco,Switzerland,,,,,,,,,,,,,,
first,Cenk,Turkey,,,,,,,,,,,,,,,,,,,,
first,Cerys,Wales,,,,,,,,,,,,,,,,,,,,
first,Cesar,Andorra,Gibraltar,Spain,,,,,,,,,,,,,,,,,,
first,Ceyhun,Azerbaijan,,,,,,,,,,,,,,,,,,,,
first,Cezary,Poland,,,,,,,,,,,,,,,,,,,,
first,Charalambos,Cyprus,,,,,,,,,,,,,,,,,,,,
first,Charalampos,Cyprus,Greece,,,,,,,,,,,,,,,,,,,
first,Charel,Luxembourg,,,,,,,,,,,,,,,,,,,,
first,Charles,Belgium,France,Luxembourg,Monaco,,,,,,,,,,,,,,,,,
first,Charlie,England,Gibraltar,,,,,,,,,,,,,,,,,,,
first,Chen,Israel,,,,,,,,,,,,,,,,,,,,
first,Chingiz,Kazakhstan,,,,,,,,,,,,,,,,,,,,
first,Chris,Northern Ireland,,,,,,,,,,,,,,,,,,,,
first,Christakis,Cyprus,,,,,,,,,,,,,,,,,,,,
first,Christian,Austria,Denmark,England,Germany,Gibraltar,Liechtenstein,Norway,Switzerland,,,,,,,,,,,,,
first,Christoffer,Denmark,Sweden,,,,,,,,,,,,,,,,,,,
first,Christoph,Austria,Germany,Liechtenstein,Switzerland,,,,,,,,,,,,,,,,,
first,Christophe,Luxembourg,,,,,,,,,,,,,,,,,,,,
first,Christos,Cyprus,Greece,,,,,,,,,,,,,,,,,,,
first,Cian,Republic of Ireland,,,,,,,,,,,,,,,,,,,,
first,Ciaran,Northern Ireland,Republic of Ireland,,,,,,,,,,,,,,,,,,,
first,Ciaron,Northern Ireland,,,,,,,,,,,,,,,,,,,,
first,Cihan,Turkey,,,,,,,,,,,,,,,,,,,,
first,Ciprian,Moldova,Romania,,,,,,,,,,,,,,,,,,,
first,Claudio,Italy,San Marino,,,,,,,,,,,,,,,,,,,
first,Claudiu,Moldova,Romania,,,,,,,,,,,,,,,,,,,
first,Clayton,Malta,,,,,,,,,,,,,,,,,,,,
first,Clement,Belgium,France,Liechtenstein,Monaco,Switzerland,,,,,,,,,,,,,,,,
first,Clive,England,Gibraltar,,,,,,,,,,,,,,,,,,,
first,Clyde,Scotland,,,,,,,,,,,,,,,,,,,,
first,Colin,England,Gibraltar,Scotland,,,,,,,,,,,,,,,,,,
first,Colm,Northern Ireland,Republic of Ireland,,,,,,,,,,,,,,,,,,,
first,Connor,England,Gibraltar,Northern Ireland,Scotland,,,,,,,,,,,,,,,,,
first,Conor,Northern Ireland,Republic of Ireland,,,,,,,,,,,,,,,,,,,
first,Constantin,Moldova,,,,,,,,,,,,,,,,,,,,
first,Cormac,Republic of Ireland,,,,,,,,,,,,,,,,,,,,
first,Corneliu,Moldova,,,,,,,,,,,,,,,,,,,,
first,Corry,Northern Ireland,,,,,,,,,,,,,,,,,,,,
first,Cosmin,Moldova,Romania,,,,,,,,,,,,,,,,,,,
first,Craig,England,Gibraltar,Northern Ireland,Scotland,Wales,,,,,,,,,,,,,,,,
first,Cristian,Andorra,Gibraltar,Italy,Moldova,Romania,San Marino,Spain,,,,,,,,,,,,,,
first,Cristiano,Portugal,,,,,,,,,,,,,,,,,,,,
first,Csaba,Hungary,,,,,,,,,,,,,,,,,,,,
first,Cyril,Bulgaria,North Macedonia,,,,,,,,,,,,,,,,,,,
first,Daan,Netherlands,,,,,,,,,,,,,,,,,,,,
first,Dafydd,Wales,,,,,,,,,,,,,,,,,,,,
first,Dainis,Latvia,,,,,,,,,,,,,,,,,,,,
first,Daithi,Republic of Ireland,,,,,,,,,,,,,,,,,,,,
first,Dale,England,Gibraltar,,,,,,,,,,,,,,,,,,,
first,Damian,England,Gibraltar,Poland,,,,,,,,,,,,,,,,,,
first,Damien,Belgium,France,Liechtenstein,Monaco,Switzerland,,,,,,,,,,,,,,,,
first,Damir,Bosnia,Croatia,Kazakhstan,,,,,,,,,,,,,,,,,,
first,Danel,Luxembourg,,,,,,,,,,,,,,,,,,,,
first,Daniel,Andorra,Austria,Czechia,Denmark,England,Germany,Gibraltar,Hungary,Israel,Liechtenstein,Moldova,Northern Ireland,Norway,Poland,Portugal,Romania,Scotland,Spain,Sweden,Switzerland,Wales
first,Daniele,Italy,San Marino,,,,,,,,,,,,,,,,,,,
first,Daniil,Russia,,,,,,,,,,,,,,,,,,,,
first,Danilo,Montenegro,,,,,,,,,,,,,,,,,,,,
first,Daniyar,Kazakhstan,,,,,,,,,,,,,,,,,,,,
first,Dara,Republic of Ireland,,,,,,,,,,,,,,,,,,,,
first,Dario,Italy,San Marino,,,,,,,,,,,,,,,,,,,
first,Darius,Lithuania,,,,,,,,,,,,,,,,,,,,
first,Dariusz,Poland,,,,,,,,,,,,,,,,,,,,
first,Darko,Montenegro,North Macedonia,Serbia,,,,,,,,,,,,,,,,,,
first,Darragh,Republic of Ireland,,,,,,,,,,,,,,,,,,,,
first,Darren,England,Gibraltar,Wales,,,,,,,,,,,,,,,,,,
first,Dashgin,Azerbaijan,,,,,,,,,,,,,,,,,,,,
first,David,Andorra,Belgium,Czechia,Denmark,England,France,Germany,Gibraltar,Hungary,Monaco,Norway,Portugal,Scotland,Spain,Sweden,Wales,,,,,
first,Davide,Italy,San Marino,,,,,,,,,,,,,,,,,,,
first,Davit,Georgia,,,,,,,,,,,,,,,,,,,,
first,Dawid,Poland,,,,,,,,,,,,,,,,,,,,
first,Dean,England,Gibraltar,Malta,,,,,,,,,,,,,,,,,,
first,Declan,Northern Ireland,Republic of Ireland,,,,,,,,,,,,,,,,,,,
first,Deiniol,Wales,,,,,,,,,,,,,,,,,,,,
first,Deividas,Lithuania,,,,,,,,,,,,,,,,,,,,
first,Dejan,Montenegro,North Macedonia,Serbia,,,,,,,,,,,,,,,,,,
first,Denis,Belarus,Moldova,Romania,Russia,Slovenia,Ukraine,,,,,,,,,,,,,,,
first,Denislav,Bulgaria,North Macedonia,,,,,,,,,,,,,,,,,,,
first,Deniz,Turkey,,,,,,,,,,,,,,,,,,,,
first,Denni,Malta,,,,,,,,,,,,,,,,,,,,
first,Dennis,England,Germany,Gibraltar,Netherlands,Sweden,,,,,,,,,,,,,,,,
first,Derek,England,Gibraltar,Scotland,,,,,,,,,,,,,,,,,,
first,Diarmuid,Republic of Ireland,,,,,,,,,,,,,,,,,,,,
first,Dias,Kazakhstan,,,,,,,,,,,,,,,,,,,,
first,Diego,Andorra,Gibraltar,Spain,,,,,,,,,,,,,,,,,,
first,Dieter,Austria,Germany,Liechtenstein,,,,,,,,,,,,,,,,,,
first,Dimitar,Bulgaria,North Macedonia,,,,,,,,,,,,,,,,,,,
first,Dimitrios,Cyprus,Greece,,,,,,,,,,,,,,,,,,,
first,Dino,Bosnia,,,,,,,,,,,,,,,,,,,,
first,Diogo,Portugal,,,,,,,,,,,,,,,,,,,,
first,Dion,Northern Ireland,,,,,,,,,,,,,,,,,,,,
first,Dirk,Netherlands,,,,,,,,,,,,,,,,,,,,
first,Dmitri,Belarus,,,,,,,,,,,,,,,,,,,,
first,Dmitriy,Russia,,,,,,,,,,,,,,,,,,,,
first,Dmitry,Belarus,Russia,,,,,,,,,,,,,,,,,,,
first,Dmytro,Ukraine,,,,,,,,,,,,,,,,,,,,
first,Domagoj,Croatia,,,,,,,,,,,,,,,,,,,,
first,Domantas,Lithuania,,,,,,,,,,,,,,,,,,,,
first,Domen,Slovenia,,,,,,,,,,,,,,,,,,,,
first,Domenico,Italy,San Marino,,,,,,,,,,,,,,,,,,,
first,Domingos,Portugal,,,,,,,,,,,,,,,,,,,,
first,Dominic,England,Gibraltar,,,,,,,,,,,,,,,,,,,
first,Dominik,Austria,Czechia,Germany,Hungary,Liechtenstein,Poland,Slovakia,Switzerland,,,,,,,,,,,,,
first,Dominique,Belgium,France,Liechtenstein,Monaco,Switzerland,,,,,,,,,,,,,,,,
first,Donal,Republic of Ireland,,,,,,,,,,,,,,,,,,,,
first,Donald,Scotland,,,,,,,,,,,,,,,,,,,,
first,Donatas,Lithuania,,,,,,,,,,,,,,,,,,,,
first,Dor,Israel,,,,,,,,,,,,,,,,,,,,
first,Dorde,Montenegro,Serbia,,,,,,,,,,,,,,,,,,,
first,Douglas,Scotland,,,,,,,,,,,,,,,,,,,,
first,Dragan,Croatia,Montenegro,Serbia,,,,,,,,,,,,,,,,,,
first,Dragoljub,Montenegro,,,,,,,,,,,,,,,,,,,,
first,Dragomir,Bulgaria,North Macedonia,,,,,,,,,,,,,,,,,,,
first,Dragos,Moldova,Romania,,,,,,,,,,,,,,,,,,,
first,Dragoslav,Montenegro,Serbia,,,,,,,,,,,,,,,,,,,
first,Dritan,Albania,Kosovo,,,,,,,,,,,,,,,,,,,
first,Driton,Kosovo,,,,,,,,,,,,,,,,,,,,
first,Duarte,Portugal,,,,,,,,,,,,,,,,,,,,
first,Duje,Croatia,,,,,,,,,,,,,,,,,,,,
first,Dumitru,Moldova,,,,,,,,,,,,,,,,,,,,
first,Duncan,Malta,,,,,,,,,,,,,,,,,,,,
first,Dusan,Montenegro,Serbia,Slovakia,,,,,,,,,,,,,,,,,,
first,Dylan,England,Gibraltar,Luxembourg,Wales,,,,,,,,,,,,,,,,,
first,Eamon,Republic of Ireland,,,,,,,,,,,,,,,,,,,,
first,Edgar,Armenia,England,France,Germany,Gibraltar,Monaco,,,,,,,,,,,,,,,
first,Edgars,Latvia,,,,,,,,,,,,,,,,,,,,
first,Edin,Bosnia,,,,,,,,,,,,,,,,,,,,
first,Edoardo,Italy,San Marino,,,,,,,,,,,,,,,,,,,
first,Eduard,Armenia,Belarus,Latvia,Russia,,,,,,,,,,,,,,,,,
first,Eduardo,Andorra,Gibraltar,Portugal,Spain,,,,,,,,,,,,,,,,,
first,Edward,England,Gibraltar,Malta,,,,,,,,,,,,,,,,,,
first,Edwin,England,Gibraltar,,,,,,,,,,,,,,,,,,,
first,Eero,Finland,,,,,,,,,,,,,,,,,,,,
first,Eetu,Finland,,,,,,,,,,,,,,,,,,,,
first,Egidijus,Lithuania,,,,,,,,,,,,,,,,,,,,
first,Egil,Faroe Islands,,,,,,,,,,,,,,,,,,,,
first,Egill,Iceland,,,,,,,,,,,,,,,,,,,,
first,Egor,Russia,,,,,,,,,,,,,,,,,,,,
first,Ehud,Israel,,,,,,,,,,,,,,,,,,,,
first,Eifion,Wales,,,,,,,,,,,,,,,,,,,,
first,Einar,Iceland,,,,,,,,,,,,,,,,,,,,
first,Einars,Latvia,,,,,,,,,,,,,,,,,,,,
first,Eldin,Bosnia,,,,,,,,,,,,,,,,,,,,
first,Elguja,Georgia,,,,,,,,,,,,,,,,,,,,
first,Eli,Israel,,,,,,,,,,,,,,,,,,,,
first,Elias,Austria,Finland,Germany,Liechtenstein,Norway,Sweden,Switzerland,,,,,,,,,,,,,,
first,Elliot,England,Gibraltar,,,,,,,,,,,,,,,,,,,
first,Ellis,England,Gibraltar,Wales,,,,,,,,,,,,,,,,,,
first,Elmar,Azerbaijan,,,,,,,,,,,,,,,,,,,,
first,Elnur,Azerbaijan,,,,,,,,,,,,,,,,,,,,
first,Elton,Albania,Kosovo,,,,,,,,,,,,,,,,,,,
first,Eltun,Azerbaijan,,,,,,,,,,,,,,,,,,,,
first,Elvar,Iceland,,,,,,,,,,,,,,,,,,,,
first,Elvin,Azerbaijan,,,,,,,,,,,,,,,,,,,,
first,Elvir,Bosnia,,,,,,,,,,,,,,,,,,,,
first,Emanuele,Italy,San Marino,,,,,,,,,,,,,,,,,,,
first,Emil,Austria,Bulgaria,Denmark,Germany,Liechtenstein,Moldova,North Macedonia,Romania,Sweden,,,,,,,,,,,,
first,Emin,Azerbaijan,,,,,,,,,,,,,,,,,,,,
first,Emir,Bosnia,Turkey,,,,,,,,,,,,,,,,,,,
first,Emmanouil,Cyprus,Greece,,,,,,,,,,,,,,,,,,,
first,Emmanuel,Belgium,France,Monaco,,,,,,,,,,,,,,,,,,
first,Emre,Turkey,,,,,,,,,,,,,,,,,,,,
first,Emyr,Wales,,,,,,,,,,,,,,,,,,,,
first,Enda,Republic of Ireland,,,,,,,,,,,,,,,,,,,,
first,Endrit,Albania,Kosovo,,,,,,,,,,,,,,,,,,,
first,Enes,Luxembourg,Turkey,,,,,,,,,,,,,,,,,,,
first,Enrico,Italy,San Marino,,,,,,,,,,,,,,,,,,,
first,Enrique,Andorra,Gibraltar,Spain,,,,,,,,,,,,,,,,,,
first,Eoghan,Republic of Ireland,,,,,,,,,,,,,,,,,,,,
first,Eoin,Republic of Ireland,,,,,,,,,,,,,,,,,,,,
first,Eran,Israel,,,,,,,,,,,,,,,,,,,,
first,Erbol,Kazakhstan,,,,,,,,,,,,,,,,,,,,
first,Erdem,Turkey,,,,,,,,,,,,,,,,,,,,
first,Eren,Turkey,,,,,,,,,,,,,,,,,,,,
first,Eric,Belgium,England,France,Germany,Gibraltar,Monaco,Scotland,,,,,,,,,,,,,,
first,Erik,Denmark,Estonia,Germany,Netherlands,Norway,Slovakia,Slovenia,Sweden,,,,,,,,,,,,,
first,Erjon,Albania,Kosovo,,,,,,,,,,,,,,,,,,,
first,Ermal,Albania,Kosovo,,,,,,,,,,,,,,,,,,,
first,Ermin,Bosnia,,,,,,,,,,,,,,,,,,,,
first,Eskil,Norway,Sweden,,,,,,,,,,,,,,,,,,,
first,Esteban,Andorra,Gibraltar,Spain,,,,,,,,,,,,,,,,,,
first,Ethan,England,Gibraltar,Malta,Wales,,,,,,,,,,,,,,,,,
first,Euan,Scotland,,,,,,,,,,,,,,,,,,,,
first,Eugeniu,Moldova,,,,,,,,,,,,,,,,,,,,
first,Evangelos,Cyprus,Greece,,,,,,,,,,,,,,,,,,,
first,Evgeni,Russia,,,,,,,,,,,,,,,,,,,,
first,Evgeniy,Russia,,,,,,,,,,,,,,,,,,,,
first,Ewan,Scotland,,,,,,,,,,,,,,,,,,,,
first,Eydun,Faroe Islands,,,,,,,,,,,,,,,,,,,,
first,Fabian,Andorra,Austria,Germany,Gibraltar,Liechtenstein,Spain,Switzerland,,,,,,,,,,,,,,
first,Fabio,Italy,San Marino,,,,,,,,,,,,,,,,,,,
first,Fannar,Iceland,,,,,,,,,,,,,,,,,,,,
first,Farid,Azerbaijan,,,,,,,,,,,,,,,,,,,,
first,Farkhat,Kazakhstan,,,,,,,,,,,,,,,,,,,,
first,Faruk,Bosnia,,,,,,,,,,,,,,,,,,,,
first,Fatih,Turkey,,,,,,,,,,,,,,,,,,,,
first,Fatos,Albania,Kosovo,,,,,,,,,,,,,,,,,,,
first,Federico,Italy,San Marino,,,,,,,,,,,,,,,,,,,
first,Felix,Austria,Germany,Liechtenstein,Switzerland,,,,,,,,,,,,,,,,,
first,Ferdinando,Malta,,,,,,,,,,,,,,,,,,,,
first,Ferenc,Hungary,,,,,,,,,,,,,,,,,,,,
first,Fergal,Republic of Ireland,,,,,,,,,,,,,,,,,,,,
first,Fergus,Scotland,,,,,,,,,,,,,,,,,,,,
first,Ferhat,Turkey,,,,,,,,,,,,,,,,,,,,
first,Fernand,Belgium,Luxembourg,,,,,,,,,,,,,,,,,,,
first,Fernando,Andorra,Gibraltar,Portugal,Spain,,,,,,,,,,,,,,,,,
first,Filip,Bulgaria,Croatia,Czechia,Denmark,Montenegro,North Macedonia,Norway,Poland,Serbia,Slovenia,Sweden,,,,,,,,,,
first,Filippo,Italy,San Marino,,,,,,,,,,,,,,,,,,,
first,Finbarr,Republic of Ireland,,,,,,,,,,,,,,,,,,,,
first,Finlay,Scotland,,,,,,,,,,,,,,,,,,,,
first,Finley,England,Gibraltar,Scotland,,,,,,,,,,,,,,,,,,
first,Finn,England,Gibraltar,Scotland,,,,,,,,,,,,,,,,,,
first,Fionn,Republic of Ireland,,,,,,,,,,,,,,,,,,,,
first,Fisnik,Kosovo,,,,,,,,,,,,,,,,,,,,
first,Fletcher,England,Gibraltar,,,,,,,,,,,,,,,,,,,
first,Florian,Austria,France,Germany,Liechtenstein,Luxembourg,Monaco,,,,,,,,,,,,,,,
first,Florin,Moldova,Romania,,,,,,,,,,,,,,,,,,,
first,Fotios,Cyprus,Greece,,,,,,,,,,,,,,,,,,,
first,Fran,Croatia,,,,,,,,,,,,,,,,,,,,
first,Francesco,Italy,San Marino,,,,,,,,,,,,,,,,,,,
first,Francisco,Andorra,Gibraltar,Portugal,Spain,,,,,,,,,,,,,,,,,
first,Francois,Belgium,France,Liechtenstein,Monaco,Switzerland,,,,,,,,,,,,,,,,
first,Frank,England,Germany,Gibraltar,Netherlands,,,,,,,,,,,,,,,,,
first,Fraser,Scotland,,,,,,,,,,,,,,,,,,,,
first,Freddie,England,Gibraltar,,,,,,,,,,,,,,,,,,,
first,Frederic,Belgium,France,Liechtenstein,Monaco,Switzerland,,,,,,,,,,,,,,,,
first,Frederik,Belgium,Germany,Netherlands,,,,,,,,,,,,,,,,,,
first,Fredrik,Norway,Sweden,,,,,,,,,,,,,,,,,,,
first,Fridrik,Faroe Islands,,,,,,,,,,,,,,,,,,,,
first,Fritz,Austria,Germany,Liechtenstein,,,,,,,,,,,,,,,,,,
first,Frode,Norway,,,,,,,,,,,,,,,,,,,,
first,Fuad,Azerbaijan,,,,,,,,,,,,,,,,,,,,
first,Furkan,Turkey,,,,,,,,,,,,,,,,,,,,
first,Gabor,Hungary,,,,,,,,,,,,,,,,,,,,
first,Gabriel,Andorra,France,Germany,Gibraltar,Liechtenstein,Moldova,Monaco,Portugal,Romania,Spain,Switzerland,,,,,,,,,,
first,Gabriele,Italy,San Marino,,,,,,,,,,,,,,,,,,,
first,Gaizka,Andorra,Gibraltar,Spain,,,,,,,,,,,,,,,,,,
first,Gal,Israel,,,,,,,,,,,,,,,,,,,,
first,Galymzhan,Kazakhstan,,,,,,,,,,,,,,,,,,,,
first,Gani,Kazakhstan,,,,,,,,,,,,,,,,,,,,
first,Gara,Azerbaijan,,,,,,,,,,,,,,,,,,,,
first,Gardar,Iceland,,,,,,,,,,,,,,,,,,,,
first,Gareth,Malta,Northern Ireland,Wales,,,,,,,,,,,,,,,,,,
first,Garik,Armenia,,,,,,,,,,,,,,,,,,,,
first,Gary,England,Gibraltar,Scotland,Wales,,,,,,,,,,,,,,,,,
first,Gasper,Slovenia,,,,,,,,,,,,,,,,,,,,
first,Gatis,Latvia,,,,,,,,,,,,,,,,,,,,
first,Gavin,Northern Ireland,Scotland,,,,,,,,,,,,,,,,,,,
first,Gearoid,Republic of Ireland,,,,,,,,,,,,,,,,,,,,
first,Gennady,Belarus,Russia,,,,,,,,,,,,,,,,,,,
first,Genti,Albania,Kosovo,,,,,,,,,,,,,,,,,,,
first,Gentian,Albania,Kosovo,,,,,,,,,,,,,,,,,,,
first,George,England,Gibraltar,,,,,,,,,,,,,,,,,,,
first,Georgi,Bulgaria,North Macedonia,Russia,,,,,,,,,,,,,,,,,,
first,Georgios,Cyprus,Greece,,,,,,,,,,,,,,,,,,,
first,Geraint,Wales,,,,,,,,,,,,,,,,,,,,
first,Gerard,Belgium,France,Monaco,,,,,,,,,,,,,,,,,,
first,Gergely,Hungary,,,,,,,,,,,,,,,,,,,,
first,Gergo,Hungary,,,,,,,,,,,,,,,,,,,,
first,Gerhard,Austria,Germany,Liechtenstein,,,,,,,,,,,,,,,,,,
first,Gevorg,Armenia,,,,,,,,,,,,,,,,,,,,
first,Ghenadie,Moldova,,,,,,,,,,,,,,,,,,,,
first,Gia,Georgia,,,,,,,,,,,,,,,,,,,,
first,Giacomo,Italy,San Marino,,,,,,,,,,,,,,,,,,,
first,Gianluca,Italy,San Marino,,,,,,,,,,,,,,,,,,,
first,Giedrius,Lithuania,,,,,,,,,,,,,,,,,,,,
first,Gijs,Netherlands,,,,,,,,,,,,,,,,,,,,
first,Gilad,Israel,,,,,,,,,,,,,,,,,,,,
first,Gilles,Belgium,France,Liechtenstein,Luxembourg,Monaco,Switzerland,,,,,,,,,,,,,,,
first,Gintaras,Lithuania,,,,,,,,,,,,,,,,,,,,
first,Giorgi,Georgia,,,,,,,,,,,,,,,,,,,,
first,Giovanni,Italy,San Marino,,,,,,,,,,,,,,,,,,,
first,Gisli,Iceland,,,,,,,,,,,,,,,,,,,,
first,Giuseppe,Italy,San Marino,,,,,,,,,,,,,,,,,,,
first,Gjorgji,North Macedonia,,,,,,,,,,,,,,,,,,,,
first,Gleb,Belarus,Russia,,,,,,,,,,,,,,,,,,,
first,Glen,Scotland,,,,,,,,,,,,,,,,,,,,
first,Gocha,Georgia,,,,,,,,,,,,,,,,,,,,
first,Gokhan,Turkey,,,,,,,,,,,,,,,,,,,,
first,Goncalo,Portugal,,,,,,,,,,,,,,,,,,,,
first,Gor,Armenia,,,,,,,,,,,,,,,,,,,,
first,Goran,Croatia,Montenegro,Serbia,Slovenia,,,,,,,,,,,,,,,,,
first,Gordon,Scotland,,,,,,,,,,,,,,,,,,,,
first,Gorka,Andorra,Gibraltar,Spain,,,,,,,,,,,,,,,,,,
first,Graeme,Scotland,,,,,,,,,,,,,,,,,,,,
first,Granit,Kosovo,,,,,,,,,,,,,,,,,,,,
first,Gregor,Austria,Germany,Liechtenstein,Slovenia,Switzerland,,,,,,,,,,,,,,,,
first,Grigor,Armenia,,,,,,,,,,,,,,,,,,,,
first,Grigore,Moldova,,,,,,,,,,,,,,,,,,,,
first,Grigoris,Cyprus,Greece,,,,,,,,,,,,,,,,,,,
first,Grigory,Russia,,,,,,,,,,,,,,,,,,,,
first,Gruffydd,Wales,,,,,,,,,,,,,,,,,,,,
first,Grzegorz,Poland,,,,,,,,,,,,,,,,,,,,
first,Gudmundur,Iceland,,,,,,,,,,,,,,,,,,,,
first,Guillaume,Belgium,France,Liechtenstein,Monaco,Switzerland,,,,,,,,,,,,,,,,
first,Guillermo,Andorra,Gibraltar,Spain,,,,,,,,,,,,,,,,,,
first,Gunnar,Iceland,Norway,Sweden,,,,,,,,,,,,,,,,,,
first,Gunnleyg,Faroe Islands,,,,,,,,,,,,,,,,,,,,
first,Guram,Georgia,,,,,,,,,,,,,,,,,,,,
first,Gustav,Sweden,,,,,,,,,,,,,,,,,,,,
first,Guy,Israel,,,,,,,,,,,,,,,,,,,,
first,Gwilym,Wales,,,,,,,,,,,,,,,,,,,,
first,Gylfi,Iceland,,,,,,,,,,,,,,,,,,,,
first,Hakan,Turkey,,,,,,,,,,,,,,,,,,,,
first,Halfdan,Denmark,Norway,,,,,,,,,,,,,,,,,,,
first,Halil,Turkey,,,,,,,,,,,,,,,,,,,,
first,Halldor,Iceland,,,,,,,,,,,,,,,,,,,,
first,Hallur,Faroe Islands,,,,,,,,,,,,,,,,,,,,
first,Hallvard,Norway,,,,,,,,,,,,,,,,,,,,
first,Hamish,Scotland,,,,,,,,,,,,,,,,,,,,
first,Hamlet,Armenia,,,,,,,,,,,,,,,,,,,,
first,Hanan,Israel,,,,,,,,,,,,,,,,,,,,
first,Hans,Austria,Germany,Liechtenstein,Switzerland,,,,,,,,,,,,,,,,,
first,Hanus,Faroe Islands,,,,,,,,,,,,,,,,,,,,
first,Harald,Austria,Denmark,Germany,Liechtenstein,Norway,,,,,,,,,,,,,,,,
first,Haris,Bosnia,,,,,,,,,,,,,,,,,,,,
first,Harold,England,Gibraltar,,,,,,,,,,,,,,,,,,,
first,Harry,England,Gibraltar,,,,,,,,,,,,,,,,,,,
first,Harvey,England,Gibraltar,,,,,,,,,,,,,,,,,,,
first,Hasan,Turkey,,,,,,,,,,,,,,,,,,,,
first,Haukur,Iceland,,,,,,,,,,,,,,,,,,,,
first,Hayk,Armenia,,,,,,,,,,,,,,,,,,,,
first,Hector,Andorra,Gibraltar,Scotland,Spain,,,,,,,,,,,,,,,,,
first,Heini,Faroe Islands,,,,,,,,,,,,,,,,,,,,
first,Hendrik,Netherlands,,,,,,,,,,,,,,,,,,,,
first,Henri,Belgium,Estonia,Finland,France,Luxembourg,Monaco,,,,,,,,,,,,,,,
first,Henrik,Denmark,Estonia,Hungary,Norway,Sweden,,,,,,,,,,,,,,,,
first,Henrique,Portugal,,,,,,,,,,,,,,,,,,,,
first,Henry,Germany,,,,,,,,,,,,,,,,,,,,
first,Herbert,Austria,Germany,Liechtenstein,,,,,,,,,,,,,,,,,,
first,Heri,Faroe Islands,,,,,,,,,,,,,,,,,,,,
first,Hikmat,Azerbaijan,,,,,,,,,,,,,,,,,,,,
first,Hilmar,Iceland,,,,,,,,,,,,,,,,,,,,
first,Hjalmar,Iceland,Sweden,,,,,,,,,,,,,,,,,,,
first,Holger,Denmark,,,,,,,,,,,,,,,,,,,,
first,Hordur,Iceland,,,,,,,,,,,,,,,,,,,,
first,Hrant,Armenia,,,,,,,,,,,,,,,,,,,,
first,Hrvoje,Croatia,,,,,,,,,,,,,,,,,,,,
first,Hubert,Poland,,,,,,,,,,,,,,,,,,,,
first,Hugh,Northern Ireland,Scotland,,,,,,,,,,,,,,,,,,,
first,Hugo,Andorra,Belgium,Denmark,France,Gibraltar,Liechtenstein,Monaco,Portugal,Spain,Sweden,Switzerland,,,,,,,,,,
first,Huw,Wales,,,,,,,,,,,,,,,,,,,,
first,Hywel,Wales,,,,,,,,,,,,,,,,,,,,
first,Iago,Andorra,Gibraltar,Spain,,,,,,,,,,,,,,,,,,
first,Iain,Scotland,,,,,,,,,,,,,,,,,,,,
first,Ibrahim,Azerbaijan,Turkey,,,,,,,,,,,,,,,,,,,
first,Idan,Israel,,,,,,,,,,,,,,,,,,,,
first,Iestyn,Wales,,,,,,,,,,,,,,,,,,,,
first,Ieuan,Wales,,,,,,,,,,,,,,,,,,,,
first,Ignacio,Andorra,Gibraltar,Spain,,,,,,,,,,,,,,,,,,
first,Igor,Belarus,Latvia,Poland,Russia,Ukraine,,,,,,,,,,,,,,,,
first,Iker,Andorra,Gibraltar,Spain,,,,,,,,,,,,,,,,,,
first,Ile,North Macedonia,,,,,,,,,,,,,,,,,,,,
first,Ilia,Georgia,,,,,,,,,,,,,,,,,,,,
first,Ilias,Cyprus,Greece,,,,,,,,,,,,,,,,,,,
first,Ilija,North Macedonia,,,,,,,,,,,,,,,,,,,,
first,Ilir,Albania,Kosovo,,,,,,,,,,,,,,,,,,,
first,Ilker,Turkey,,,,,,,,,,,,,,,,,,,,
first,Ilkin,Azerbaijan,,,,,,,,,,,,,,,,,,,,
first,Ilya,Belarus,Russia,,,,,,,,,,,,,,,,,,,
first,Imre,Hungary,,,,,,,,,,,,,,,,,,,,
first,Indrek,Estonia,,,,,,,,,,,,,,,,,,,,
first,Ingi,Iceland,,,,,,,,,,,,,,,,,,,,
first,Ioannis,Cyprus,Greece,,,,,,,,,,,,,,,,,,,
first,Ion,Moldova,,,,,,,,,,,,,,,,,,,,
first,Ionut,Moldova,Romania,,,,,,,,,,,,,,,,,,,
first,Irakli,Georgia,,,,,,,,,,,,,,,,,,,,
first,Iraklis,Cyprus,Greece,,,,,,,,,,,,,,,,,,,
first,Isaac,England,Gibraltar,,,,,,,,,,,,,,,,,,,
first,Ishkhan,Armenia,,,,,,,,,,,,,,,,,,,,
first,Islambek,Kazakhstan,,,,,,,,,,,,,,,,,,,,
first,Ismael,Andorra,Gibraltar,Spain,,,,,,,,,,,,,,,,,,
first,Ismail,Turkey,,,,,,,,,,,,,,,,,,,,
first,Ismar,Bosnia,,,,,,,,,,,,,,,,,,,,
first,Istvan,Hungary,,,,,,,,,,,,,,,,,,,,
first,Itamar,Israel,,,,,,,,,,,,,,,,,,,,
first,Itay,Israel,,,,,,,,,,,,,,,,,,,,
first,Iurie,Moldova,,,,,,,,,,,,,,,,,,,,
first,Ivan,Andorra,Belarus,Bulgaria,Croatia,Faroe Islands,Gibraltar,Latvia,Lithuania,Montenegro,North Macedonia,Russia,Serbia,Slovakia,Slovenia,Spain,Ukraine,,,,,
first,Ivar,Iceland,Norway,Sweden,,,,,,,,,,,,,,,,,,
first,Ivars,Latvia,,,,,,,,,,,,,,,,,,,,
first,Ivica,Croatia,,,,,,,,,,,,,,,,,,,,
first,Iwan,Wales,,,,,,,,,,,,,,,,,,,,
first,Jaan,Estonia,,,,,,,,,,,,,,,,,,,,
first,Jaba,Georgia,,,,,,,,,,,,,,,,,,,,
first,Jacek,Poland,,,,,,,,,,,,,,,,,,,,
first,Jack,England,Gibraltar,Scotland,Wales,,,,,,,,,,,,,,,,,
first,Jacob,Denmark,England,Gibraltar,Wales,,,,,,,,,,,,,,,,,
first,Jaime,Andorra,Gibraltar,Spain,,,,,,,,,,,,,,,,,,
first,Jaka,Slovenia,,,,,,,,,,,,,,,,,,,,
first,Jake,Malta,,,,,,,,,,,,,,,,,,,,
first,Jakob,Norway,Sweden,,,,,,,,,,,,,,,,,,,
first,Jakov,Croatia,,,,,,,,,,,,,,,,,,,,
first,Jakub,Czechia,Poland,Slovakia,,,,,,,,,,,,,,,,,,
first,Jakup,Faroe Islands,,,,,,,,,,,,,,,,,,,,
first,James,England,Gibraltar,Scotland,Wales,,,,,,,,,,,,,,,,,
first,Jamie,England,Gibraltar,Northern Ireland,Scotland,,,,,,,,,,,,,,,,,
first,Jamie-Lee,England,Gibraltar,,,,,,,,,,,,,,,,,,,
first,Jan,Belgium,Czechia,Denmark,Germany,Netherlands,Norway,Poland,Sweden,,,,,,,,,,,,,
first,Janez,Slovenia,,,,,,,,,,,,,,,,,,,,
first,Janis,Latvia,,,,,,,,,,,,,,,,,,,,
first,Janko,Montenegro,,,,,,,,,,,,,,,,,,,,
first,Janne,Finland,,,,,,,,,,,,,,,,,,,,
first,Janos,Hungary,,,,,,,,,,,,,,,,,,,,
first,Janusz,Poland,,,,,,,,,,,,,,,,,,,,
first,Jari,Finland,,,,,,,,,,,,,,,,,,,,
first,Jarkko,Finland,,,,,,,,,,,,,,,,,,,,
first,Jaroslav,Czechia,Latvia,Lithuania,,,,,,,,,,,,,,,,,,
first,Jasmin,Bosnia,,,,,,,,,,,,,,,,,,,,
first,Jasper,Netherlands,,,,,,,,,,,,,,,,,,,,
first,Javid,Azerbaijan,,,,,,,,,,,,,,,,,,,,
first,Javier,Andorra,Gibraltar,Spain,,,,,,,,,,,,,,,,,,
first,Jean,Belgium,France,Liechtenstein,Monaco,Switzerland,,,,,,,,,,,,,,,,
first,Jeff,Luxembourg,,,,,,,,,,,,,,,,,,,,
first,Jens,Denmark,,,,,,,,,,,,,,,,,,,,
first,Jere,Finland,,,,,,,,,,,,,,,,,,,,
first,Jeroen,Netherlands,,,,,,,,,,,,,,,,,,,,
first,Jerome,Belgium,France,Liechtenstein,Monaco,Switzerland,,,,,,,,,,,,,,,,
first,Jerzy,Poland,,,,,,,,,,,,,,,,,,,,
first,Jesse,Netherlands,,,,,,,,,,,,,,,,,,,,
first,Jesus,Andorra,Gibraltar,Spain,,,,,,,,,,,,,,,,,,
first,Jetmir,Albania,Kosovo,,,,,,,,,,,,,,,,,,,
first,Jiri,Czechia,,,,,,,,,,,,,,,,,,,,
first,Joachim,Austria,Denmark,Germany,Liechtenstein,Poland,,,,,,,,,,,,,,,,
first,Joannes,Faroe Islands,,,,,,,,,,,,,,,,,,,,
first,Joao,Portugal,,,,,,,,,,,,,,,,,,,,
first,Joaquin,Andorra,Gibraltar,Spain,,,,,,,,,,,,,,,,,,
first,Jodi,Malta,,,,,,,,,,,,,,,,,,,,
first,Joel,England,Gibraltar,,,,,,,,,,,,,,,,,,,
first,Jogvan,Faroe Islands,,,,,,,,,,,,,,,,,,,,
first,Johan,Sweden,,,,,,,,,,,,,,,,,,,,
first,Johann,Iceland,,,,,,,,,,,,,,,,,,,,
first,Johannes,Denmark,Norway,,,,,,,,,,,,,,,,,,,
first,John,England,Gibraltar,Norway,Scotland,Sweden,Wales,,,,,,,,,,,,,,,
first,Jokull,Iceland,,,,,,,,,,,,,,,,,,,,
first,Jon,Andorra,Gibraltar,Iceland,Norway,Spain,,,,,,,,,,,,,,,,
first,Jonah,England,Gibraltar,,,,,,,,,,,,,,,,,,,
first,Jonas,Austria,Denmark,Germany,Liechtenstein,Norway,Sweden,Switzerland,,,,,,,,,,,,,,
first,Jonathan,Belgium,France,Germany,Monaco,,,,,,,,,,,,,,,,,
first,Jonny,Northern Ireland,,,,,,,,,,,,,,,,,,,,
first,Joonas,Estonia,Finland,,,,,,,,,,,,,,,,,,,
first,Joost,Netherlands,,,,,,,,,,,,,,,,,,,,
first,Jordan,Belgium,England,France,Gibraltar,Monaco,Scotland,Wales,,,,,,,,,,,,,,
first,Jordi,Andorra,Gibraltar,Spain,,,,,,,,,,,,,,,,,,
first,Jorge,Andorra,Gibraltar,Portugal,Spain,,,,,,,,,,,,,,,,,
first,Jorrit,Netherlands,,,,,,,,,,,,,,,,,,,,
first,Jose,Andorra,Gibraltar,Portugal,Spain,,,,,,,,,,,,,,,,,
first,Josef,Austria,Czechia,Germany,Liechtenstein,Switzerland,,,,,,,,,,,,,,,,
first,Joseph,England,Gibraltar,Malta,Scotland,,,,,,,,,,,,,,,,,
first,Joshua,England,Gibraltar,Wales,,,,,,,,,,,,,,,,,,
first,Josip,Croatia,,,,,,,,,,,,,,,,,,,,
first,Josko,Croatia,,,,,,,,,,,,,,,,,,,,
first,Jovan,North Macedonia,,,,,,,,,,,,,,,,,,,,
first,Jozef,Slovakia,,,,,,,,,,,,,,,,,,,,
first,Juan,Andorra,Gibraltar,Spain,,,,,,,,,,,,,,,,,,
first,Juha,Finland,,,,,,,,,,,,,,,,,,,,
first,Julen,Andorra,Gibraltar,Spain,,,,,,,,,,,,,,,,,,
first,Julian,Austria,England,Germany,Gibraltar,Liechtenstein,Switzerland,,,,,,,,,,,,,,,
first,Julien,Belgium,France,Liechtenstein,Luxembourg,Monaco,Switzerland,,,,,,,,,,,,,,,
first,Julio,Andorra,Gibraltar,Spain,,,,,,,,,,,,,,,,,,
first,Julius,Lithuania,,,,,,,,,,,,,,,,,,,,
first,Juraj,Slovakia,,,,,,,,,,,,,,,,,,,,
first,Jure,Slovenia,,,,,,,,,,,,,,,,,,,,
first,Jurgen,Austria,Germany,Liechtenstein,Malta,,,,,,,,,,,,,,,,,
first,Jussi,Finland,,,,,,,,,,,,,,,,,,,,
first,Kaan,Turkey,,,,,,,,,,,,,,,,,,,,
first,Kacper,Poland,,,,,,,,,,,,,,,,,,,,
first,Kairat,Kazakhstan,,,,,,,,,,,,,,,,,,,,
first,Kaj,Faroe Islands,,,,,,,,,,,,,,,,,,,,
first,Kakha,Georgia,,,,,,,,,,,,,,,,,,,,
first,Kaloyan,Bulgaria,North Macedonia,,,,,,,,,,,,,,,,,,,
first,Kamil,Poland,,,,,,,,,,,,,,,,,,,,
first,Kamo,Armenia,,,,,,,,,,,,,,,,,,,,
first,Kamran,Azerbaijan,,,,,,,,,,,,,,,,,,,,
first,Kanan,Azerbaijan,,,,,,,,,,,,,,,,,,,,
first,Kanat,Kazakhstan,,,,,,,,,,,,,,,,,,,,
first,Karel,Czechia,,,,,,,,,,,,,,,,,,,,
first,Karen,Armenia,,,,,,,,,,,,,,,,,,,,
first,Kari,Finland,Iceland,,,,,,,,,,,,,,,,,,,
first,Karl,England,Estonia,Gibraltar,Malta,,,,,,,,,,,,,,,,,
first,Karlis,Latvia,,,,,,,,,,,,,,,,,,,,
first,Karlo,Croatia,,,,,,,,,,,,,,,,,,,,
first,Karol,Poland,,,,,,,,,,,,,,,,,,,,
first,Karolis,Lithuania,,,,,,,,,,,,,,,,,,,,
first,Karoly,Hungary,,,,,,,,,,,,,,,,,,,,
first,Kaspar,Estonia,,,,,,,,,,,,,,,,,,,,
first,Kaspars,Latvia,,,,,,,,,,,,,,,,,,,,
first,Kasper,Finland,,,,,,,,,,,,,,,,,,,,
first,Kastriot,Albania,Kosovo,,,,,,,,,,,,,,,,,,,
first,Keith,Northern Ireland,Scotland,,,,,,,,,,,,,,,,,,,
first,Kenan,Bosnia,,,,,,,,,,,,,,,,,,,,
first,Kenneth,Scotland,,,,,,,,,,,,,,,,,,,,
first,Kerem,Turkey,,,,,,,,,,,,,,,,,,,,
first,Kestutis,Lithuania,,,,,,,,,,,,,,,,,,,,
first,Kevin,Belgium,Estonia,France,Germany,Luxembourg,Monaco,Republic of Ireland,,,,,,,,,,,,,,
first,Kieran,England,Gibraltar,Northern Ireland,,,,,,,,,,,,,,,,,,
first,Kilian,Austria,Germany,Liechtenstein,,,,,,,,,,,,,,,,,,
first,Killian,Republic of Ireland,,,,,,,,,,,,,,,,,,,,
first,Kire,North Macedonia,,,,,,,,,,,,,,,,,,,,
first,Kirill,Belarus,Russia,,,,,,,,,,,,,,,,,,,
first,Kjartan,Iceland,,,,,,,,,,,,,,,,,,,,
first,Klaemint,Faroe Islands,,,,,,,,,,,,,,,,,,,,
first,Klaus,Austria,Germany,Liechtenstein,,,,,,,,,,,,,,,,,,
first,Klemen,Slovenia,,,,,,,,,,,,,,,,,,,,
first,Klodian,Albania,Kosovo,,,,,,,,,,,,,,,,,,,
first,Koen,Netherlands,,,,,,,,,,,,,,,,,,,,
first,Kolbeinn,Iceland,,,,,,,,,,,,,,,,,,,,
first,Konrad,Poland,,,,,,,,,,,,,,,,,,,,
first,Konstantin,Belarus,Russia,,,,,,,,,,,,,,,,,,,
first,Konstantinos,Cyprus,Greece,,,,,,,,,,,,,,,,,,,
first,Kostas,Cyprus,Greece,,,,,,,,,,,,,,,,,,,
first,Krasimir,Bulgaria,North Macedonia,,,,,,,,,,,,,,,,,,,
first,Kreshnik,Albania,Kosovo,,,,,,,,,,,,,,,,,,,
first,Kristaps,Latvia,,,,,,,,,,,,,,,,,,,,
first,Kristian,Bulgaria,Denmark,North Macedonia,Norway,,,,,,,,,,,,,,,,,
first,Kristijan,Croatia,North Macedonia,,,,,,,,,,,,,,,,,,,
first,Kristjan,Estonia,Iceland,,,,,,,,,,,,,,,,,,,
first,Kristoffer,Norway,Sweden,,,,,,,,,,,,,,,,,,,
first,Krisztian,Hungary,,,,,,,,,,,,,,,,,,,,
first,Krsto,Montenegro,,,,,,,,,,,,,,,,,,,,
first,Krunoslav,Croatia,,,,,,,,,,,,,,,,,,,,
first,Krzysztof,Poland,,,,,,,,,,,,,,,,,,,,
first,Kurt,Malta,,,,,,,,,,,,,,,,,,,,
first,Kyle,Northern Ireland,,,,,,,,,,,,,,,,,,,,
first,Kyriakos,Cyprus,Greece,,,,,,,,,,,,,,,,,,,
first,Labinot,Kosovo,,,,,,,,,,,,,,,,,,,,
first,Lachlan,Scotland,,,,,,,,,,,,,,,,,,,,
first,Ladislav,Czechia,Slovakia,,,,,,,,,,,,,,,,,,,
first,Lars,Denmark,Germany,Netherlands,Norway,Sweden,,,,,,,,,,,,,,,,
first,Lasha,Georgia,,,,,,,,,,,,,,,,,,,,
first,Laszlo,Hungary,,,,,,,,,,,,,,,,,,,,
first,Laurent,Belgium,France,Liechtenstein,Luxembourg,Monaco,Switzerland,,,,,,,,,,,,,,,
first,Lauri,Finland,,,,,,,,,,,,,,,,,,,,
first,Lauris,Latvia,,,,,,,,,,,,,,,,,,,,
first,Lazar,Montenegro,Serbia,,,,,,,,,,,,,,,,,,,
first,Lazaros,Cyprus,Greece,,,,,,,,,,,,,,,,,,,
first,Leandro,Luxembourg,Portugal,,,,,,,,,,,,,,,,,,,
first,Leart,Albania,Kosovo,,,,,,,,,,,,,,,,,,,
first,Ledion,Albania,Kosovo,,,,,,,,,,,,,,,,,,,
first,Lee,England,Gibraltar,Wales,,,,,,,,,,,,,,,,,,
first,Leevi,Finland,,,,,,,,,,,,,,,,,,,,
first,Lefteris,Cyprus,Greece,,,,,,,,,,,,,,,,,,,
first,Leif,Denmark,Norway,Sweden,,,,,,,,,,,,,,,,,,
first,Leifur,Iceland,,,,,,,,,,,,,,,,,,,,
first,Leo,Andorra,Gibraltar,Portugal,Spain,,,,,,,,,,,,,,,,,
first,Leon,Austria,England,Germany,Gibraltar,Liechtenstein,Switzerland,,,,,,,,,,,,,,,
first,Leonard,Austria,Germany,Liechtenstein,,,,,,,,,,,,,,,,,,
first,Leonardo,Italy,San Marino,,,,,,,,,,,,,,,,,,,
first,Leonid,Belarus,Russia,Ukraine,,,,,,,,,,,,,,,,,,
first,Leonidas,Cyprus,Greece,,,,,,,,,,,,,,,,,,,
first,Leszek,Poland,,,,,,,,,,,,,,,,,,,,
first,Lev,Russia,,,,,,,,,,,,,,,,,,,,
first,Levan,Georgia,,,,,,,,,,,,,,,,,,,,
first,Levente,Hungary,,,,,,,,,,,,,,,,,,,,
first,Levi,Faroe Islands,Netherlands,,,,,,,,,,,,,,,,,,,
first,Levon,Armenia,,,,,,,,,,,,,,,,,,,,
first,Lewis,England,Gibraltar,Scotland,,,,,,,,,,,,,,,,,,
first,Liam,Republic of Ireland,,,,,,,,,,,,,,,,,,,,
first,Libor,Czechia,,,,,,,,,,,,,,,,,,,,
first,Linas,Lithuania,,,,,,,,,,,,,,,,,,,,
first,Linus,Sweden,,,,,,,,,,,,,,,,,,,,
first,Lior,Israel,,,,,,,,,,,,,,,,,,,,
first,Liran,Israel,,,,,,,,,,,,,,,,,,,,
first,Ljupco,North Macedonia,,,,,,,,,,,,,,,,,,,,
first,Llewellyn,Wales,,,,,,,,,,,,,,,,,,,,
first,Logan,England,Gibraltar,Scotland,,,,,,,,,,,,,,,,,,
first,Logi,Iceland,,,,,,,,,,,,,,,,,,,,
first,Loic,Belgium,France,Liechtenstein,Monaco,Switzerland,,,,,,,,,,,,,,,,
first,Loizos,Cyprus,,,,,,,,,,,,,,,,,,,,
first,Lorcan,Republic of Ireland,,,,,,,,,,,,,,,,,,,,
first,Lorenzo,Andorra,Gibraltar,Italy,San Marino,Spain,,,,,,,,,,,,,,,,
first,Louis,Belgium,England,France,Gibraltar,Luxembourg,Monaco,,,,,,,,,,,,,,,
first,Lovro,Croatia,,,,,,,,,,,,,,,,,,,,
first,Luan,Albania,Kosovo,,,,,,,,,,,,,,,,,,,
first,Lubomir,Bulgaria,North Macedonia,,,,,,,,,,,,,,,,,,,
first,Luca,Austria,Germany,Italy,Liechtenstein,Malta,San Marino,Switzerland,,,,,,,,,,,,,,
first,Lucas,Andorra,Belgium,France,Gibraltar,Monaco,Netherlands,Portugal,Spain,,,,,,,,,,,,,
first,Lucien,Belgium,France,Luxembourg,Monaco,,,,,,,,,,,,,,,,,
first,Ludovic,Belgium,France,Monaco,,,,,,,,,,,,,,,,,,
first,Ludvig,Sweden,,,,,,,,,,,,,,,,,,,,
first,Luis,Andorra,Gibraltar,Portugal,Spain,,,,,,,,,,,,,,,,,
first,Luka,Croatia,Montenegro,Serbia,Slovenia,,,,,,,,,,,,,,,,,
first,Lukas,Czechia,Slovakia,,,,,,,,,,,,,,,,,,,
first,Lukasz,Poland,,,,,,,,,,,,,,,,,,,,
first,Luke,England,Gibraltar,Malta,Wales,,,,,,,,,,,,,,,,,
first,Maarten,Netherlands,,,,,,,,,,,,,,,,,,,,
first,Maciej,Poland,,,,,,,,,,,,,,,,,,,,
first,Madi,Kazakhstan,,,,,,,,,,,,,,,,,,,,
first,Mads,Denmark,,,,,,,,,,,,,,,,,,,,
first,Magnus,Denmark,Faroe Islands,Iceland,Norway,Sweden,,,,,,,,,,,,,,,,
first,Mahir,Azerbaijan,,,,,,,,,,,,,,,,,,,,
first,Maksat,Kazakhstan,,,,,,,,,,,,,,,,,,,,
first,Maksim,Belarus,Russia,,,,,,,,,,,,,,,,,,,
first,Maksym,Ukraine,,,,,,,,,,,,,,,,,,,,
first,Maksymilian,Poland,,,,,,,,,,,,,,,,,,,,
first,Malachy,Republic of Ireland,,,,,,,,,,,,,,,,,,,,
first,Malcolm,Malta,Scotland,,,,,,,,,,,,,,,,,,,
first,Manolis,Cyprus,Greece,,,,,,,,,,,,,,,,,,,
first,Mantas,Lithuania,,,,,,,,,,,,,,,,,,,,
first,Manuel,Andorra,Austria,Germany,Gibraltar,Italy,Liechtenstein,Portugal,San Marino,Spain,Switzerland,,,,,,,,,,,
first,Manvel,Armenia,,,,,,,,,,,,,,,,,,,,
first,Maor,Israel,,,,,,,,,,,,,,,,,,,,
first,Marash,Albania,Kosovo,,,,,,,,,,,,,,,,,,,
first,Marat,Kazakhstan,,,,,,,,,,,,,,,,,,,,
first,Marc,Belgium,France,Germany,Monaco,,,,,,,,,,,,,,,,,
first,Marcel,France,Germany,Liechtenstein,Monaco,Switzerland,,,,,,,,,,,,,,,,
first,Marcin,Poland,,,,,,,,,,,,,,,,,,,,
first,Marco,Andorra,Austria,Germany,Gibraltar,Italy,Liechtenstein,Portugal,San Marino,Spain,Switzerland,,,,,,,,,,,
first,Marcos,Andorra,Gibraltar,Spain,,,,,,,,,,,,,,,,,,
first,Marcus,England,Germany,Gibraltar,Sweden,,,,,,,,,,,,,,,,,
first,Marek,Czechia,Poland,Slovakia,,,,,,,,,,,,,,,,,,
first,Margus,Estonia,,,,,,,,,,,,,,,,,,,,
first,Marin,Moldova,,,,,,,,,,,,,,,,,,,,
first,Marinos,Cyprus,,,,,,,,,,,,,,,,,,,,
first,Mario,Andorra,Croatia,Gibraltar,Spain,,,,,,,,,,,,,,,,,
first,Marios,Cyprus,Greece,,,,,,,,,,,,,,,,,,,
first,Maris,Latvia,,,,,,,,,,,,,,,,,,,,
first,Marius,Lithuania,Moldova,Romania,,,,,,,,,,,,,,,,,,
first,Mark,Latvia,Lithuania,Russia,Ukraine,,,,,,,,,,,,,,,,,
first,Marko,Croatia,Estonia,Montenegro,Serbia,Slovenia,,,,,,,,,,,,,,,,
first,Mart,Estonia,,,,,,,,,,,,,,,,,,,,
first,Marten,Estonia,,,,,,,,,,,,,,,,,,,,
first,Martin,Andorra,Austria,Bulgaria,Croatia,Czechia,Denmark,Estonia,Germany,Gibraltar,Hungary,Liechtenstein,North Macedonia,Norway,Portugal,Slovakia,Slovenia,Spain,Sweden,Switzerland,,
first,Martins,Latvia,,,,,,,,,,,,,,,,,,,,
first,Marton,Hungary,,,,,,,,,,,,,,,,,,,,
first,Marvin,England,Gibraltar,Luxembourg,,,,,,,,,,,,,,,,,,
first,Massimo,Italy,San Marino,,,,,,,,,,,,,,,,,,,
first,Mate,Croatia,Hungary,,,,,,,,,,,,,,,,,,,
first,Matej,Croatia,Czechia,Slovakia,Slovenia,,,,,,,,,,,,,,,,,
first,Mateo,Andorra,Gibraltar,Spain,,,,,,,,,,,,,,,,,,
first,Mateusz,Poland,,,,,,,,,,,,,,,,,,,,
first,Mathias,Belgium,Denmark,France,Germany,Luxembourg,Monaco,Norway,,,,,,,,,,,,,,
first,Mathieu,Belgium,France,Liechtenstein,Monaco,Switzerland,,,,,,,,,,,,,,,,
first,Matic,Slovenia,,,,,,,,,,,,,,,,,,,,
first,Mats,Sweden,,,,,,,,,,,,,,,,,,,,
first,Matteo,Italy,San Marino,,,,,,,,,,,,,,,,,,,
first,Matthew,England,Gibraltar,Malta,Scotland,Wales,,,,,,,,,,,,,,,,
first,Matthias,Austria,Germany,Liechtenstein,Switzerland,,,,,,,,,,,,,,,,,
first,Matti,Finland,,,,,,,,,,,,,,,,,,,,
first,Mattia,Italy,San Marino,,,,,,,,,,,,,,,,,,,
first,Matus,Slovakia,,,,,,,,,,,,,,,,,,,,
first,Matvey,Russia,,,,,,,,,,,,,,,,,,,,
first,Max,Austria,England,Germany,Gibraltar,Liechtenstein,,,,,,,,,,,,,,,,
first,Maxim,Moldova,,,,,,,,,,,,,,,,,,,,
first,Maxime,Luxembourg,,,,,,,,,,,,,,,,,,,,
first,Maximilian,Austria,Germany,Liechtenstein,,,,,,,,,,,,,,,,,,
first,Mees,Netherlands,,,,,,,,,,,,,,,,,,,,
first,Mehmet,Turkey,,,,,,,,,,,,,,,,,,,,
first,Meirion,Wales,,,,,,,,,,,,,,,,,,,,
first,Melih,Turkey,,,,,,,,,,,,,,,,,,,,
first,Mentor,Albania,Kosovo,,,,,,,,,,,,,,,,,,,
first,Merab,Georgia,,,,,,,,,,,,,,,,,,,,
first,Mersudin,Bosnia,,,,,,,,,,,,,,,,,,,,
first,Mert,Turkey,,,,,,,,,,,,,,,,,,,,
first,Mher,Armenia,,,,,,,,,,,,,,,,,,,,
first,Mica,Luxembourg,,,,,,,,,,,,,,,,,,,,
first,Michael,Austria,England,Germany,Gibraltar,Liechtenstein,Northern Ireland,Scotland,Switzerland,Wales,,,,,,,,,,,,
first,Michail,Cyprus,Greece,,,,,,,,,,,,,,,,,,,
first,Michal,Poland,Slovakia,,,,,,,,,,,,,,,,,,,
first,Micheal,Republic of Ireland,,,,,,,,,,,,,,,,,,,,
first,Michel,Belgium,France,Liechtenstein,Monaco,Switzerland,,,,,,,,,,,,,,,,
first,Michele,Italy,San Marino,,,,,,,,,,,,,,,,,,,
first,Miguel,Andorra,Gibraltar,Portugal,Spain,,,,,,,,,,,,,,,,,
first,Miha,Slovenia,,,,,,,,,,,,,,,,,,,,
first,Mihai,Moldova,Romania,,,,,,,,,,,,,,,,,,,
first,Mihkel,Estonia,,,,,,,,,,,,,,,,,,,,
first,Miika,Finland,,,,,,,,,,,,,,,,,,,,
first,Mikael,Sweden,,,,,,,,,,,,,,,,,,,,
first,Mikhail,Belarus,Russia,,,,,,,,,,,,,,,,,,,
first,Mikheil,Georgia,,,,,,,,,,,,,,,,,,,,
first,Mikkel,Denmark,,,,,,,,,,,,,,,,,,,,
first,Mikkjal,Faroe Islands,,,,,,,,,,,,,,,,,,,,
first,Mikko,Finland,,,,,,,,,,,,,,,,,,,,
first,Mikolaj,Poland,,,,,,,,,,,,,,,,,,,,
first,Milan,Bulgaria,Croatia,Czechia,Montenegro,North Macedonia,Serbia,Slovakia,Slovenia,,,,,,,,,,,,,
first,Milos,Montenegro,Serbia,,,,,,,,,,,,,,,,,,,
first,Miloslav,Czechia,,,,,,,,,,,,,,,,,,,,
first,Milot,Kosovo,,,,,,,,,,,,,,,,,,,,
first,Mindaugas,Lithuania,,,,,,,,,,,,,,,,,,,,
first,Miodrag,Montenegro,,,,,,,,,,,,,,,,,,,,
first,Mirko,Montenegro,,,,,,,,,,,,,,,,,,,,
first,Miroslav,Montenegro,Serbia,Slovakia,,,,,,,,,,,,,,,,,,
first,Mirsahib,Azerbaijan,,,,,,,,,,,,,,,,,,,,
first,Mirza,Bosnia,,,,,,,,,,,,,,,,,,,,
first,Mislav,Croatia,,,,,,,,,,,,,,,,,,,,
first,Mite,North Macedonia,,,,,,,,,,,,,,,,,,,,
first,Morgan,Wales,,,,,,,,,,,,,,,,,,,,
first,Moritz,Austria,Germany,Liechtenstein,,,,,,,,,,,,,,,,,,
first,Moshe,Israel,,,,,,,,,,,,,,,,,,,,
first,Muhamed,Bosnia,,,,,,,,,,,,,,,,,,,,
first,Muhammet,Turkey,,,,,,,,,,,,,,,,,,,,
first,Murad,Azerbaijan,,,,,,,,,,,,,,,,,,,,
first,Murat,Turkey,,,,,,,,,,,,,,,,,,,,
first,Mustafa,Turkey,,,,,,,,,,,,,,,,,,,,
first,Mykhailo,Ukraine,,,,,,,,,,,,,,,,,,,,
first,Myles,Malta,,,,,,,,,,,,,,,,,,,,
first,Nacho,Andorra,Gibraltar,Spain,,,,,,,,,,,,,,,,,,
first,Nadav,Israel,,,,,,,,,,,,,,,,,,,,
first,Namig,Azerbaijan,,,,,,,,,,,,,,,,,,,,
first,Narek,Armenia,,,,,,,,,,,,,,,,,,,,
first,Nathan,England,Gibraltar,Wales,,,,,,,,,,,,,,,,,,
first,Naum,North Macedonia,,,,,,,,,,,,,,,,,,,,
first,Nderim,Albania,Kosovo,,,,,,,,,,,,,,,,,,,
first,Nebojsa,Montenegro,Serbia,,,,,,,,,,,,,,,,,,,
first,Nedim,Bosnia,,,,,,,,,,,,,,,,,,,,
first,Neil,Malta,Northern Ireland,Scotland,,,,,,,,,,,,,,,,,,
first,Nejc,Slovenia,,,,,,,,,,,,,,,,,,,,
first,Nemanja,Montenegro,Serbia,,,,,,,,,,,,,,,,,,,
first,Nenad,Montenegro,Serbia,,,,,,,,,,,,,,,,,,,
first,Neophytos,Cyprus,,,,,,,,,,,,,,,,,,,,
first,Nerijus,Lithuania,,,,,,,,,,,,,,,,,,,,
first,Nermin,Bosnia,,,,,,,,,,,,,,,,,,,,
first,Niall,Northern Ireland,Republic of Ireland,,,,,,,,,,,,,,,,,,,
first,Nichita,Moldova,,,,,,,,,,,,,,,,,,,,
first,Nicky,Malta,,,,,,,,,,,,,,,,,,,,
first,Nicola,Italy,San Marino,,,,,,,,,,,,,,,,,,,
first,Nicolae,Moldova,Romania,,,,,,,,,,,,,,,,,,,
first,Nicolai,Denmark,Faroe Islands,,,,,,,,,,,,,,,,,,,
first,Nicolas,Andorra,Belgium,France,Gibraltar,Liechtenstein,Luxembourg,Monaco,Portugal,Spain,Switzerland,,,,,,,,,,,
first,Nicolo,Italy,San Marino,,,,,,,,,,,,,,,,,,,
first,Nicu,Moldova,,,,,,,,,,,,,,,,,,,,
first,Niels,Netherlands,,,,,,,,,,,,,,,,,,,,
first,Nihad,Bosnia,,,,,,,,,,,,,,,,,,,,
first,Nijat,Azerbaijan,,,,,,,,,,,,,,,,,,,,
first,Nik,Slovenia,,,,,,,,,,,,,,,,,,,,
first,Nika,Georgia,,,,,,,,,,,,,,,,,,,,
first,Nikita,Belarus,Russia,,,,,,,,,,,,,,,,,,,
first,Niklas,Germany,Sweden,,,,,,,,,,,,,,,,,,,
first,Niko,Finland,,,,,,,,,,,,,,,,,,,,
first,Nikola,Bulgaria,Croatia,Montenegro,North Macedonia,Serbia,Slovenia,,,,,,,,,,,,,,,
first,Nikolai,Belarus,Malta,Russia,,,,,,,,,,,,,,,,,,
first,Nikolaos,Cyprus,Greece,,,,,,,,,,,,,,,,,,,
first,Nikolay,Bulgaria,North Macedonia,,,,,,,,,,,,,,,,,,,
first,Nikoloz,Georgia,,,,,,,,,,,,,,,,,,,,
first,Nils,Norway,Sweden,,,,,,,,,,,,,,,,,,,
first,Nir,Israel,,,,,,,,,,,,,,,,,,,,
first,Noah,Belgium,Denmark,England,France,Germany,Gibraltar,Monaco,Norway,Sweden,Wales,,,,,,,,,,,
first,Noam,Israel,,,,,,,,,,,,,,,,,,,,
first,Norayr,Armenia,,,,,,,,,,,,,,,,,,,,
first,Norbert,Hungary,Slovakia,,,,,,,,,,,,,,,,,,,
first,Norman,England,Gibraltar,Scotland,,,,,,,,,,,,,,,,,,
first,Normunds,Latvia,,,,,,,,,,,,,,,,,,,,
first,Novak,Montenegro,,,,,,,,,,,,,,,,,,,,
first,Nuno,Portugal,,,,,,,,,,,,,,,,,,,,
first,Nurbek,Kazakhstan,,,,,,,,,,,,,,,,,,,,
first,Nurbol,Kazakhstan,,,,,,,,,,,,,,,,,,,,
first,Nurlan,Azerbaijan,,,,,,,,,,,,,,,,,,,,
first,Nursultan,Kazakhstan,,,,,,,,,,,,,,,,,,,,
first,Octavian,Moldova,Romania,,,,,,,,,,,,,,,,,,,
first,Odd,Norway,,,,,,,,,,,,,,,,,,,,
first,Odhran,Republic of Ireland,,,,,,,,,,,,,,,,,,,,
first,Odin,Iceland,Norway,,,,,,,,,,,,,,,,,,,
first,Odmar,Faroe Islands,,,,,,,,,,,,,,,,,,,,
first,Odysseas,Cyprus,Greece,,,,,,,,,,,,,,,,,,,
first,Ofir,Israel,,,,,,,,,,,,,,,,,,,,
first,Ognjen,Montenegro,Serbia,,,,,,,,,,,,,,,,,,,
first,Oguz,Turkey,,,,,,,,,,,,,,,,,,,,
first,Oisin,Republic of Ireland,,,,,,,,,,,,,,,,,,,,
first,Ola,Norway,,,,,,,,,,,,,,,,,,,,
first,Olafur,Iceland,,,,,,,,,,,,,,,,,,,,
first,Ole,Denmark,Norway,,,,,,,,,,,,,,,,,,,
first,Oleg,Belarus,Moldova,Russia,,,,,,,,,,,,,,,,,,
first,Oleh,Ukraine,,,,,,,,,,,,,,,,,,,,
first,Oleksandr,Ukraine,,,,,,,,,,,,,,,,,,,,
first,Oleksii,Ukraine,,,,,,,,,,,,,,,,,,,,
first,Oli,Faroe Islands,,,,,,,,,,,,,,,,,,,,
first,Oliver,Austria,Denmark,England,Germany,Gibraltar,Liechtenstein,Norway,Sweden,Switzerland,Wales,,,,,,,,,,,
first,Olivier,Belgium,France,Liechtenstein,Luxembourg,Monaco,Switzerland,,,,,,,,,,,,,,,
first,Olli,Finland,,,,,,,,,,,,,,,,,,,,
first,Olzhas,Kazakhstan,,,,,,,,,,,,,,,,,,,,
first,Omri,Israel,,,,,,,,,,,,,,,,,,,,
first,Ondrej,Czechia,Slovakia,,,,,,,,,,,,,,,,,,,
first,Onni,Finland,,,,,,,,,,,,,,,,,,,,
first,Onur,Turkey,,,,,,,,,,,,,,,,,,,,
first,Oren,Israel,,,,,,,,,,,,,,,,,,,,
first,Orestis,Cyprus,Greece,,,,,,,,,,,,,,,,,,,
first,Orges,Albania,Kosovo,,,,,,,,,,,,,,,,,,,
first,Orhan,Turkey,,,,,,,,,,,,,,,,,,,,
first,Ori,Israel,,,,,,,,,,,,,,,,,,,,
first,Orkhan,Azerbaijan,,,,,,,,,,,,,,,,,,,,
first,Orri,Iceland,,,,,,,,,,,,,,,,,,,,
first,Oscar,Andorra,England,Gibraltar,Spain,,,,,,,,,,,,,,,,,
first,Oskar,Iceland,Sweden,,,,,,,,,,,,,,,,,,,
first,Oskari,Finland,,,,,,,,,,,,,,,,,,,,
first,Oskars,Latvia,,,,,,,,,,,,,,,,,,,,
first,Otar,Georgia,,,,,,,,,,,,,,,,,,,,
first,Owain,Wales,,,,,,,,,,,,,,,,,,,,
first,Owen,England,Gibraltar,Malta,Wales,,,,,,,,,,,,,,,,,
first,Ozan,Turkey,,,,,,,,,,,,,,,,,,,,
first,Paata,Georgia,,,,,,,,,,,,,,,,,,,,
first,Pablo,Andorra,Gibraltar,Spain,,,,,,,,,,,,,,,,,,
first,Paddy,Northern Ireland,Republic of Ireland,,,,,,,,,,,,,,,,,,,
first,Padraig,Republic of Ireland,,,,,,,,,,,,,,,,,,,,
first,Palli,Faroe Islands,,,,,,,,,,,,,,,,,,,,
first,Pambos,Cyprus,,,,,,,,,,,,,,,,,,,,
first,Panagiotis,Cyprus,Greece,,,,,,,,,,,,,,,,,,,
first,Pande,North Macedonia,,,,,,,,,,,,,,,,,,,,
first,Paolo,Italy,San Marino,,,,,,,,,,,,,,,,,,,
first,Pascal,Belgium,France,Germany,Monaco,,,,,,,,,,,,,,,,,
first,Patrick,Belgium,France,Germany,Monaco,Northern Ireland,,,,,,,,,,,,,,,,
first,Patrik,Czechia,Slovakia,Sweden,,,,,,,,,,,,,,,,,,
first,Patryk,Poland,,,,,,,,,,,,,,,,,,,,
first,Paul,Austria,England,France,Germany,Gibraltar,Liechtenstein,Monaco,Northern Ireland,Scotland,,,,,,,,,,,,
first,Paulius,Lithuania,,,,,,,,,,,,,,,,,,,,
first,Paulo,Portugal,,,,,,,,,,,,,,,,,,,,
first,Pavel,Belarus,Czechia,Russia,,,,,,,,,,,,,,,,,,
first,Pavlos,Cyprus,Greece,,,,,,,,,,,,,,,,,,,
first,Pavol,Slovakia,,,,,,,,,,,,,,,,,,,,
first,Pawel,Poland,,,,,,,,,,,,,,,,,,,,
first,Peadar,Republic of Ireland,,,,,,,,,,,,,,,,,,,,
first,Pedro,Andorra,Gibraltar,Portugal,Spain,,,,,,,,,,,,,,,,,
first,Pekka,Finland,,,,,,,,,,,,,,,,,,,,
first,Per,Norway,Sweden,,,,,,,,,,,,,,,,,,,
first,Perttu,Finland,,,,,,,,,,,,,,,,,,,,
first,Petar,Bulgaria,Croatia,Montenegro,North Macedonia,Serbia,,,,,,,,,,,,,,,,
first,Peter,Denmark,England,Gibraltar,Hungary,Norway,Scotland,Slovakia,Sweden,,,,,,,,,,,,,
first,Petr,Czechia,,,,,,,,,,,,,,,,,,,,
first,Petre,North Macedonia,,,,,,,,,,,,,,,,,,,,
first,Petri,Finland,,,,,,,,,,,,,,,,,,,,
first,Petro,Ukraine,,,,,,,,,,,,,,,,,,,,
first,Petros,Cyprus,Greece,,,,,,,,,,,,,,,,,,,
first,Petru,Moldova,,,,,,,,,,,,,,,,,,,,
first,Petur,Faroe Islands,,,,,,,,,,,,,,,,,,,,
first,Philip,England,Gibraltar,,,,,,,,,,,,,,,,,,,
first,Philipp,Austria,Germany,Liechtenstein,Switzerland,,,,,,,,,,,,,,,,,
first,Piers,England,Gibraltar,,,,,,,,,,,,,,,,,,,
first,Pieter,Netherlands,,,,,,,,,,,,,,,,,,,,
first,Pietro,Italy,San Marino,,,,,,,,,,,,,,,,,,,
first,Piotr,Poland,,,,,,,,,,,,,,,,,,,,
first,Pit,Luxembourg,,,,,,,,,,,,,,,,,,,,
first,Plamen,Bulgaria,North Macedonia,,,,,,,,,,,,,,,,,,,
first,Pontus,Sweden,,,,,,,,,,,,,,,,,,,,
first,Poul,Faroe Islands,,,,,,,,,,,,,,,,,,,,
first,Predrag,Montenegro,Serbia,,,,,,,,,,,,,,,,,,,
first,Priit,Estonia,,,,,,,,,,,,,,,,,,,,
first,Primoz,Slovenia,,,,,,,,,,,,,,,,,,,,
first,Przemyslaw,Poland,,,,,,,,,,,,,,,,,,,,
first,Pyotr,Russia,,,,,,,,,,,,,,,,,,,,
first,Radek,Czechia,,,,,,,,,,,,,,,,,,,,
first,Radomir,Montenegro,,,,,,,,,,,,,,,,,,,,
first,Radoslav,Bulgaria,North Macedonia,Slovakia,,,,,,,,,,,,,,,,,,
first,Radovan,Montenegro,Serbia,,,,,,,,,,,,,,,,,,,
first,Rafael,Armenia,,,,,,,,,,,,,,,,,,,,
first,Rafal,Poland,,,,,,,,,,,,,,,,,,,,
first,Raffaele,Italy,San Marino,,,,,,,,,,,,,,,,,,,
first,Ragnar,Estonia,Iceland,,,,,,,,,,,,,,,,,,,
first,Rahman,Azerbaijan,,,,,,,,,,,,,,,,,,,,
first,Raimonds,Latvia,,,,,,,,,,,,,,,,,,,,
first,Rain,Estonia,,,,,,,,,,,,,,,,,,,,
first,Ramil,Azerbaijan,,,,,,,,,,,,,,,,,,,,
first,Ramin,Azerbaijan,,,,,,,,,,,,,,,,,,,,
first,Ran,Israel,,,,,,,,,,,,,,,,,,,,
first,Ranko,Montenegro,,,,,,,,,,,,,,,,,,,,
first,Rannvi,Faroe Islands,,,,,,,,,,,,,,,,,,,,
first,Rares,Moldova,Romania,,,,,,,,,,,,,,,,,,,
first,Rashad,Azerbaijan,,,,,,,,,,,,,,,,,,,,
first,Rasmus,Denmark,Estonia,Faroe Islands,Finland,Sweden,,,,,,,,,,,,,,,,
first,Rastislav,Slovakia,,,,,,,,,,,,,,,,,,,,
first,Ratko,Croatia,,,,,,,,,,,,,,,,,,,,
first,Raul,Andorra,Estonia,Gibraltar,Spain,,,,,,,,,,,,,,,,,
first,Rauno,Estonia,,,,,,,,,,,,,,,,,,,,
first,Razvan,Moldova,Romania,,,,,,,,,,,,,,,,,,,
first,Redon,Albania,Kosovo,,,,,,,,,,,,,,,,,,,
first,Reece,England,Gibraltar,Wales,,,,,,,,,,,,,,,,,,
first,Renars,Latvia,,,,,,,,,,,,,,,,,,,,
first,Renato,Portugal,,,,,,,,,,,,,,,,,,,,
first,Rennie,Malta,,,,,,,,,,,,,,,,,,,,
first,Rens,Netherlands,,,,,,,,,,,,,,,,,,,,
first,Renzo,Malta,,,,,,,,,,,,,,,,,,,,
first,Rezart,Albania,Kosovo,,,,,,,,,,,,,,,,,,,
first,Rhodri,Wales,,,,,,,,,,,,,,,,,,,,
first,Rhys,Wales,,,,,,,,,,,,,,,,,,,,
first,Ricardo,Andorra,Gibraltar,Portugal,Spain,,,,,,,,,,,,,,,,,
first,Riccardo,Italy,San Marino,,,,,,,,,,,,,,,,,,,
first,Richard,Slovakia,,,,,,,,,,,,,,,,,,,,
first,Rick,Netherlands,,,,,,,,,,,,,,,,,,,,
first,Rihards,Latvia,,,,,,,,,,,,,,,,,,,,
first,Riku,Finland,,,,,,,,,,,,,,,,,,,,
first,Rimas,Lithuania,,,,,,,,,,,,,,,,,,,,
first,Risto,Montenegro,North Macedonia,,,,,,,,,,,,,,,,,,,
first,Ritvars,Latvia,,,,,,,,,,,,,,,,,,,,
first,Robert,Estonia,Poland,Slovakia,,,,,,,,,,,,,,,,,,
first,Roberto,Italy,San Marino,,,,,,,,,,,,,,,,,,,
first,Roberts,Latvia,,,,,,,,,,,,,,,,,,,,
first,Robin,England,Estonia,Gibraltar,Scotland,Sweden,,,,,,,,,,,,,,,,
first,Rocco,Italy,San Marino,,,,,,,,,,,,,,,,,,,
first,Rodrigo,Andorra,Gibraltar,Portugal,Spain,,,,,,,,,,,,,,,,,
first,Roger,Sweden,,,,,,,,,,,,,,,,,,,,
first,Rogvi,Faroe Islands,,,,,,,,,,,,,,,,,,,,
first,Roi,Israel,,,,,,,,,,,,,,,,,,,,
first,Rok,Slovenia,,,,,,,,,,,,,,,,,,,,
first,Rokas,Lithuania,,,,,,,,,,,,,,,,,,,,
first,Roland,Hungary,,,,,,,,,,,,,,,,,,,,
first,Romain,Luxembourg,,,,,,,,,,,,,,,,,,,,
first,Roman,Belarus,Russia,Slovakia,Ukraine,,,,,,,,,,,,,,,,,
first,Ronald,Scotland,,,,,,,,,,,,,,,,,,,,
first,Ronan,Republic of Ireland,,,,,,,,,,,,,,,,,,,,
first,Roope,Finland,,,,,,,,,,,,,,,,,,,,
first,Rory,Northern Ireland,Republic of Ireland,Scotland,,,,,,,,,,,,,,,,,,
first,Ross,Northern Ireland,Scotland,,,,,,,,,,,,,,,,,,,
first,Rostislav,Russia,Ukraine,,,,,,,,,,,,,,,,,,,
first,Rostyslav,Ukraine,,,,,,,,,,,,,,,,,,,,
first,Rowen,Malta,,,,,,,,,,,,,,,,,,,,
first,Ruairi,Republic of Ireland,,,,,,,,,,,,,,,,,,,,
first,Ruben,Andorra,Armenia,Gibraltar,Netherlands,Portugal,Spain,,,,,,,,,,,,,,,
first,Rui,Portugal,,,,,,,,,,,,,,,,,,,,
first,Rumen,Bulgaria,North Macedonia,,,,,,,,,,,,,,,,,,,
first,Rune,Denmark,Norway,,,,,,,,,,,,,,,,,,,
first,Rurik,Iceland,,,,,,,,,,,,,,,,,,,,
first,Ruslan,Belarus,Kazakhstan,Russia,Ukraine,,,,,,,,,,,,,,,,,
first,Rustem,Kazakhstan,,,,,,,,,,,,,,,,,,,,
first,Ryan,England,Gibraltar,Northern Ireland,Scotland,Wales,,,,,,,,,,,,,,,,
first,Saba,Georgia,,,,,,,,,,,,,,,,,,,,
first,Sabuhi,Azerbaijan,,,,,,,,,,,,,,,,,,,,
first,Sagiv,Israel,,,,,,,,,,,,,,,,,,,,
first,Sahil,Azerbaijan,,,,,,,,,,,,,,,,,,,,
first,Salvador,Andorra,Gibraltar,Spain,,,,,,,,,,,,,,,,,,
first,Salvatore,Italy,San Marino,,,,,,,,,,,,,,,,,,,
first,Sami,Finland,,,,,,,,,,,,,,,,,,,,
first,Samir,Azerbaijan,,,,,,,,,,,,,,,,,,,,
first,Sammy,Malta,Northern Ireland,,,,,,,,,,,,,,,,,,,
first,Samu,Finland,,,,,,,,,,,,,,,,,,,,
first,Samuel,Andorra,England,Gibraltar,Portugal,Scotland,Slovakia,Spain,Wales,,,,,,,,,,,,,
first,Samuele,Italy,San Marino,,,,,,,,,,,,,,,,,,,
first,Samvel,Armenia,,,,,,,,,,,,,,,,,,,,
first,Sander,Estonia,,,,,,,,,,,,,,,,,,,,
first,Sandi,Slovenia,,,,,,,,,,,,,,,,,,,,
first,Sandu,Moldova,,,,,,,,,,,,,,,,,,,,
first,Sanjin,Bosnia,,,,,,,,,,,,,,,,,,,,
first,Santeri,Finland,,,,,,,,,,,,,,,,,,,,
first,Santiago,Andorra,Gibraltar,Spain,,,,,,,,,,,,,,,,,,
first,Sanzhar,Kazakhstan,,,,,,,,,,,,,,,,,,,,
first,Sargis,Armenia,,,,,,,,,,,,,,,,,,,,
first,Sasa,Montenegro,Serbia,Slovenia,,,,,,,,,,,,,,,,,,
first,Sasko,North Macedonia,,,,,,,,,,,,,,,,,,,,
first,Saulius,Lithuania,,,,,,,,,,,,,,,,,,,,
first,Savo,Montenegro,,,,,,,,,,,,,,,,,,,,
first,Savvas,Cyprus,Greece,,,,,,,,,,,,,,,,,,,
first,Scott,Scotland,,,,,,,,,,,,,,,,,,,,
first,Seamus,Republic of Ireland,,,,,,,,,,,,,,,,,,,,
first,Sean,Northern Ireland,Republic of Ireland,,,,,,,,,,,,,,,,,,,
first,Sebastian,Poland,,,,,,,,,,,,,,,,,,,,
first,Sebastien,Luxembourg,,,,,,,,,,,,,,,,,,,,
first,Sem,Netherlands,,,,,,,,,,,,,,,,,,,,
first,Semir,Bosnia,,,,,,,,,,,,,,,,,,,,
first,Semyon,Russia,,,,,,,,,,,,,,,,,,,,
first,Senad,Bosnia,,,,,,,,,,,,,,,,,,,,
first,Senan,Republic of Ireland,,,,,,,,,,,,,,,,,,,,
first,Sergei,Belarus,Russia,Ukraine,,,,,,,,,,,,,,,,,,
first,Serghei,Moldova,,,,,,,,,,,,,,,,,,,,
first,Sergio,Andorra,Gibraltar,Italy,San Marino,Spain,,,,,,,,,,,,,,,,
first,Sergiu,Moldova,,,,,,,,,,,,,,,,,,,,
first,Serhii,Ukraine,,,,,,,,,,,,,,,,,,,,
first,Serik,Kazakhstan,,,,,,,,,,,,,,,,,,,,
first,Serkan,Turkey,,,,,,,,,,,,,,,,,,,,
first,Sevak,Armenia,,,,,,,,,,,,,,,,,,,,
first,Shane,Republic of Ireland,,,,,,,,,,,,,,,,,,,,
first,Shaun,England,Gibraltar,Malta,Northern Ireland,,,,,,,,,,,,,,,,,
first,Shay,Israel,,,,,,,,,,,,,,,,,,,,
first,Shea,Northern Ireland,,,,,,,,,,,,,,,,,,,,
first,Shon,Israel,,,,,,,,,,,,,,,,,,,,
first,Shota,Georgia,,,,,,,,,,,,,,,,,,,,
first,Shpend,Albania,Kosovo,,,,,,,,,,,,,,,,,,,
first,Shpetim,Kosovo,,,,,,,,,,,,,,,,,,,,
first,Sigurd,Iceland,Norway,,,,,,,,,,,,,,,,,,,
first,Sigurdur,Iceland,,,,,,,,,,,,,,,,,,,,
first,Siim,Estonia,,,,,,,,,,,,,,,,,,,,
first,Sime,Croatia,,,,,,,,,,,,,,,,,,,,
first,Simon,Denmark,England,Gibraltar,Norway,Sweden,,,,,,,,,,,,,,,,
first,Simone,Italy,San Marino,,,,,,,,,,,,,,,,,,,
first,Sindri,Iceland,,,,,,,,,,,,,,,,,,,,
first,Sion,Wales,,,,,,,,,,,,,,,,,,,,
first,Sjurdur,Faroe Islands,,,,,,,,,,,,,,,,,,,,
first,Slave,North Macedonia,,,,,,,,,,,,,,,,,,,,
first,Slawomir,Poland,,,,,,,,,,,,,,,,,,,,
first,Slobodan,Montenegro,Serbia,,,,,,,,,,,,,,,,,,,
first,Snorri,Iceland,,,,,,,,,,,,,,,,,,,,
first,Sofus,Faroe Islands,,,,,,,,,,,,,,,,,,,,
first,Sokol,Albania,Kosovo,,,,,,,,,,,,,,,,,,,
first,Solvi,Iceland,,,,,,,,,,,,,,,,,,,,
first,Sondre,Norway,,,,,,,,,,,,,,,,,,,,
first,Sonni,Faroe Islands,,,,,,,,,,,,,,,,,,,,
first,Sorin,Moldova,Romania,,,,,,,,,,,,,,,,,,,
first,Sotirios,Cyprus,Greece,,,,,,,,,,,,,,,,,,,
first,Sotiris,Cyprus,,,,,,,,,,,,,,,,,,,,
first,Spencer,England,Gibraltar,,,,,,,,,,,,,,,,,,,
first,Spyridon,Cyprus,Greece,,,,,,,,,,,,,,,,,,,
first,Srdjan,Montenegro,Serbia,,,,,,,,,,,,,,,,,,,
first,Stanislav,Belarus,Bulgaria,North Macedonia,Russia,Slovakia,Ukraine,,,,,,,,,,,,,,,
first,Stavros,Cyprus,Greece,,,,,,,,,,,,,,,,,,,
first,Stefan,Bulgaria,Croatia,Hungary,Moldova,Montenegro,North Macedonia,Romania,Serbia,Slovakia,Sweden,,,,,,,,,,,
first,Stefano,Italy,San Marino,,,,,,,,,,,,,,,,,,,
first,Stefanos,Cyprus,Greece,,,,,,,,,,,,,,,,,,,
first,Stelios,Cyprus,,,,,,,,,,,,,,,,,,,,
first,Stellan,Sweden,,,,,,,,,,,,,,,,,,,,
first,Sten,Estonia,,,,,,,,,,,,,,,,,,,,
first,Stepan,Czechia,Russia,Ukraine,,,,,,,,,,,,,,,,,,
first,Steve,Malta,,,,,,,,,,,,,,,,,,,,
first,Steven,England,Gibraltar,Northern Ireland,Scotland,,,,,,,,,,,,,,,,,
first,Stig,Denmark,Norway,Sweden,,,,,,,,,,,,,,,,,,
first,Stijn,Netherlands,,,,,,,,,,,,,,,,,,,,
first,Stole,North Macedonia,,,,,,,,,,,,,,,,,,,,
first,Stoyan,Bulgaria,North Macedonia,,,,,,,,,,,,,,,,,,,
first,Strahinja,Montenegro,Serbia,,,,,,,,,,,,,,,,,,,
first,Stuart,Northern Ireland,,,,,,,,,,,,,,,,,,,,
first,Sultan,Kazakhstan,,,,,,,,,,,,,,,,,,,,
first,Suren,Armenia,,,,,,,,,,,,,,,,,,,,
first,Sven,Denmark,Netherlands,Norway,Sweden,,,,,,,,,,,,,,,,,
first,Sverri,Faroe Islands,,,,,,,,,,,,,,,,,,,,
first,Sverrir,Iceland,,,,,,,,,,,,,,,,,,,,
first,Svetoslav,Bulgaria,North Macedonia,,,,,,,,,,,,,,,,,,,
first,Szabolcs,Hungary,,,,,,,,,,,,,,,,,,,,
first,Taavi,Estonia,,,,,,,,,,,,,,,,,,,,
first,Tadas,Lithuania,,,,,,,,,,,,,,,,,,,,
first,Tadej,Slovenia,,,,,,,,,,,,,,,,,,,,
first,Tadhg,Republic of Ireland,,,,,,,,,,,,,,,,,,,,
first,Tal,Israel,,,,,,,,,,,,,,,,,,,,
first,Talgat,Kazakhstan,,,,,,,,,,,,,,,,,,,,
first,Tamas,Hungary,,,,,,,,,,,,,,,,,,,,
first,Tanel,Estonia,,,,,,,,,,,,,,,,,,,,
first,Taras,Ukraine,,,,,,,,,,,,,,,,,,,,
first,Tarik,Bosnia,,,,,,,,,,,,,,,,,,,,
first,Tarlan,Azerbaijan,,,,,,,,,,,,,,,,,,,,
first,Tarmo,Estonia,,,,,,,,,,,,,,,,,,,,
first,Tasos,Cyprus,Greece,,,,,,,,,,,,,,,,,,,
first,Tatul,Armenia,,,,,,,,,,,,,,,,,,,,
first,Taulant,Albania,Kosovo,,,,,,,,,,,,,,,,,,,
first,Teemu,Finland,,,,,,,,,,,,,,,,,,,,
first,Teitur,Faroe Islands,,,,,,,,,,,,,,,,,,,,
first,Telmo,Portugal,,,,,,,,,,,,,,,,,,,,
first,Temirlan,Kazakhstan,,,,,,,,,,,,,,,,,,,,
first,Temur,Georgia,,,,,,,,,,,,,,,,,,,,
first,Terence,Malta,,,,,,,,,,,,,,,,,,,,
first,Terry,Northern Ireland,,,,,,,,,,,,,,,,,,,,
first,Teun,Netherlands,,,,,,,,,,,,,,,,,,,,
first,Thanasis,Cyprus,Greece,,,,,,,,,,,,,,,,,,,
first,Theo,England,Gibraltar,,,,,,,,,,,,,,,,,,,
first,Theodoros,Cyprus,Greece,,,,,,,,,,,,,,,,,,,
first,Thijs,Netherlands,,,,,,,,,,,,,,,,,,,,
first,Thomas,Denmark,England,Gibraltar,Norway,Sweden,Wales,,,,,,,,,,,,,,,
first,Thorsteinn,Iceland,,,,,,,,,,,,,,,,,,,,
first,Tiago,Andorra,Gibraltar,Portugal,Spain,,,,,,,,,,,,,,,,,
first,Tigran,Armenia,,,,,,,,,,,,,,,,,,,,
first,Tilen,Slovenia,,,,,,,,,,,,,,,,,,,,
first,Timo,Finland,,,,,,,,,,,,,,,,,,,,
first,Timofey,Russia,,,,,,,,,,,,,,,,,,,,
first,Timothe,Luxembourg,,,,,,,,,,,,,,,,,,,,
first,Timur,Kazakhstan,Russia,,,,,,,,,,,,,,,,,,,
first,Tiran,Armenia,,,,,,,,,,,,,,,,,,,,
first,Tobias,Denmark,Norway,Sweden,,,,,,,,,,,,,,,,,,
first,Toby,England,Gibraltar,,,,,,,,,,,,,,,,,,,
first,Todor,Bulgaria,North Macedonia,,,,,,,,,,,,,,,,,,,
first,Tolga,Turkey,,,,,,,,,,,,,,,,,,,,
first,Tom,Luxembourg,,,,,,,,,,,,,,,,,,,,
first,Tomas,Andorra,Gibraltar,Lithuania,Portugal,Slovakia,Spain,,,,,,,,,,,,,,,
first,Tomasz,Poland,,,,,,,,,,,,,,,,,,,,
first,Tome,North Macedonia,,,,,,,,,,,,,,,,,,,,
first,Tomer,Israel,,,,,,,,,,,,,,,,,,,,
first,Tomislav,Croatia,,,,,,,,,,,,,,,,,,,,
first,Tommaso,Italy,San Marino,,,,,,,,,,,,,,,,,,,
first,Tommy,Sweden,,,,,,,,,,,,,,,,,,,,
first,Tomos,Wales,,,,,,,,,,,,,,,,,,,,
first,Toni,Croatia,Finland,North Macedonia,,,,,,,,,,,,,,,,,,
first,Toomas,Estonia,,,,,,,,,,,,,,,,,,,,
first,Topias,Finland,,,,,,,,,,,,,,,,,,,,
first,Tor,Norway,,,,,,,,,,,,,,,,,,,,
first,Torben,Denmark,,,,,,,,,,,,,,,,,,,,
first,Tore,Norway,,,,,,,,,,,,,,,,,,,,
first,Tornike,Georgia,,,,,,,,,,,,,,,,,,,,
first,Trai,Northern Ireland,,,,,,,,,,,,,,,,,,,,
first,Trajko,North Macedonia,,,,,,,,,,,,,,,,,,,,
first,Tristan,Malta,,,,,,,,,,,,,,,,,,,,
first,Trondur,Faroe Islands,,,,,,,,,,,,,,,,,,,,
first,Tryggvi,Iceland,,,,,,,,,,,,,,,,,,,,
first,Trygve,Norway,,,,,,,,,,,,,,,,,,,,
first,Trystan,Wales,,,,,,,,,,,,,,,,,,,,
first,Tsvetan,Bulgaria,North Macedonia,,,,,,,,,,,,,,,,,,,
first,Tudor,Moldova,,,,,,,,,,,,,,,,,,,,
first,Tun,Luxembourg,,,,,,,,,,,,,,,,,,,,
first,Tuomas,Finland,,,,,,,,,,,,,,,,,,,,
first,Tural,Azerbaijan,,,,,,,,,,,,,,,,,,,,
first,Turan,Azerbaijan,,,,,,,,,,,,,,,,,,,,
first,Turlough,Republic of Ireland,,,,,,,,,,,,,,,,,,,,
first,Tyler,England,Gibraltar,,,,,,,,,,,,,,,,,,,
first,Ulan,Kazakhstan,,,,,,,,,,,,,,,,,,,,
first,Uldis,Latvia,,,,,,,,,,,,,,,,,,,,
first,Ulf,Sweden,,,,,,,,,,,,,,,,,,,,
first,Ultan,Republic of Ireland,,,,,,,,,,,,,,,,,,,,
first,Ulvi,Azerbaijan,,,,,,,,,,,,,,,,,,,,
first,Unai,Andorra,Gibraltar,Spain,,,,,,,,,,,,,,,,,,
first,Urho,Finland,,,,,,,,,,,,,,,,,,,,
first,Urmas,Estonia,,,,,,,,,,,,,,,,,,,,
first,Uros,Montenegro,Serbia,Slovenia,,,,,,,,,,,,,,,,,,
first,Vaclav,Czechia,,,,,,,,,,,,,,,,,,,,
first,Vadim,Moldova,,,,,,,,,,,,,,,,,,,,
first,Vahan,Armenia,,,,,,,,,,,,,,,,,,,,
first,Vahe,Armenia,,,,,,,,,,,,,,,,,,,,
first,Vaidas,Lithuania,,,,,,,,,,,,,,,,,,,,
first,Vakhtang,Georgia,,,,,,,,,,,,,,,,,,,,
first,Valentin,Andorra,Belarus,Gibraltar,Moldova,Romania,Russia,Spain,Ukraine,,,,,,,,,,,,,
first,Valeri,Bulgaria,Georgia,North Macedonia,,,,,,,,,,,,,,,,,,
first,Valerio,Italy,San Marino,,,,,,,,,,,,,,,,,,,
first,Valeriu,Moldova,,,,,,,,,,,,,,,,,,,,
first,Valeriy,Russia,Ukraine,,,,,,,,,,,,,,,,,,,
first,Vallo,Estonia,,,,,,,,,,,,,,,,,,,,
first,Valon,Albania,Kosovo,,,,,,,,,,,,,,,,,,,
first,Valters,Latvia,,,,,,,,,,,,,,,,,,,,
first,Valtteri,Finland,,,,,,,,,,,,,,,,,,,,
first,Valur,Iceland,,,,,,,,,,,,,,,,,,,,
first,Vane,North Macedonia,,,,,,,,,,,,,,,,,,,,
first,Vangelis,Cyprus,Greece,,,,,,,,,,,,,,,,,,,
first,Vardan,Armenia,,,,,,,,,,,,,,,,,,,,
first,Vasco,Portugal,,,,,,,,,,,,,,,,,,,,
first,Vasif,Azerbaijan,,,,,,,,,,,,,,,,,,,,
first,Vasil,Bulgaria,North Macedonia,,,,,,,,,,,,,,,,,,,
first,Vasile,Moldova,,,,,,,,,,,,,,,,,,,,
first,Vasileios,Cyprus,Greece,,,,,,,,,,,,,,,,,,,
first,Vasili,Russia,,,,,,,,,,,,,,,,,,,,
first,Vasilije,Montenegro,,,,,,,,,,,,,,,,,,,,
first,Vasko,North Macedonia,,,,,,,,,,,,,,,,,,,,
first,Vasyl,Ukraine,,,,,,,,,,,,,,,,,,,,
first,Vazgen,Armenia,,,,,,,,,,,,,,,,,,,,
first,Veaceslav,Moldova,,,,,,,,,,,,,,,,,,,,
first,Vedad,Bosnia,,,,,,,,,,,,,,,,,,,,
first,Vedran,Croatia,,,,,,,,,,,,,,,,,,,,
first,Veikko,Finland,,,,,,,,,,,,,,,,,,,,
first,Velimir,Montenegro,,,,,,,,,,,,,,,,,,,,
first,Veljko,Montenegro,Serbia,,,,,,,,,,,,,,,,,,,
first,Veniamin,Russia,,,,,,,,,,,,,,,,,,,,
first,Ventsislav,Bulgaria,North Macedonia,,,,,,,,,,,,,,,,,,,
first,Vesa,Finland,,,,,,,,,,,,,,,,,,,,
first,Veselin,Montenegro,,,,,,,,,,,,,,,,,,,,
first,Veton,Kosovo,,,,,,,,,,,,,,,,,,,,
first,Vicente,Andorra,Gibraltar,Spain,,,,,,,,,,,,,,,,,,
first,Victor,Andorra,Denmark,England,Gibraltar,Spain,Sweden,,,,,,,,,,,,,,,
first,Vidar,Iceland,,,,,,,,,,,,,,,,,,,,
first,Viggo,Denmark,,,,,,,,,,,,,,,,,,,,
first,Viktor,Belarus,Iceland,Norway,Russia,Sweden,Ukraine,,,,,,,,,,,,,,,
first,Ville,Finland,,,,,,,,,,,,,,,,,,,,
first,Vince,Malta,,,,,,,,,,,,,,,,,,,,
first,Vincent,Luxembourg,,,,,,,,,,,,,,,,,,,,
first,Vincenzo,Italy,San Marino,,,,,,,,,,,,,,,,,,,
first,Vit,Czechia,,,,,,,,,,,,,,,,,,,,
first,Vitali,Belarus,,,,,,,,,,,,,,,,,,,,
first,Vitalie,Moldova,,,,,,,,,,,,,,,,,,,,
first,Vitaliy,Russia,,,,,,,,,,,,,,,,,,,,
first,Vitor,Portugal,,,,,,,,,,,,,,,,,,,,
first,Vlad,Moldova,Romania,,,,,,,,,,,,,,,,,,,
first,Vladimir,Croatia,Montenegro,Russia,Serbia,Slovakia,,,,,,,,,,,,,,,,
first,Vladislav,Czechia,Estonia,,,,,,,,,,,,,,,,,,,
first,Vlatko,North Macedonia,,,,,,,,,,,,,,,,,,,,
first,Vojislav,Montenegro,Serbia,,,,,,,,,,,,,,,,,,,
first,Vojtech,Czechia,,,,,,,,,,,,,,,,,,,,
first,Volodymyr,Ukraine,,,,,,,,,,,,,,,,,,,,
first,Vugar,Azerbaijan,,,,,,,,,,,,,,,,,,,,
first,Vukan,Montenegro,,,,,,,,,,,,,,,,,,,,
first,Vukasin,Montenegro,Serbia,,,,,,,,,,,,,,,,,,,
first,Vyacheslav,Russia,,,,,,,,,,,,,,,,,,,,
first,Vytautas,Lithuania,,,,,,,,,,,,,,,,,,,,
first,Warren,England,Gibraltar,,,,,,,,,,,,,,,,,,,
first,Wayne,Malta,,,,,,,,,,,,,,,,,,,,
first,Wiktor,Poland,,,,,,,,,,,,,,,,,,,,
first,Willem,Netherlands,,,,,,,,,,,,,,,,,,,,
first,William,Denmark,England,Gibraltar,Norway,Scotland,Sweden,,,,,,,,,,,,,,,
first,Wojciech,Poland,,,,,,,,,,,,,,,,,,,,
first,Wouter,Netherlands,,,,,,,,,,,,,,,,,,,,
first,Wyn,Wales,,,,,,,,,,,,,,,,,,,,
first,Xabier,Andorra,Gibraltar,Spain,,,,,,,,,,,,,,,,,,
first,Xavier,Andorra,Gibraltar,Portugal,Spain,,,,,,,,,,,,,,,,,
first,Xhevdet,Albania,Kosovo,,,,,,,,,,,,,,,,,,,
first,Yago,Andorra,Gibraltar,Spain,,,,,,,,,,,,,,,,,,
first,Yannick,Luxembourg,,,,,,,,,,,,,,,,,,,,
first,Yannis,Cyprus,Greece,,,,,,,,,,,,,,,,,,,
first,Yarden,Israel,,,,,,,,,,,,,,,,,,,,
first,Yaroslav,Belarus,Russia,Ukraine,,,,,,,,,,,,,,,,,,
first,Yehonatan,Israel,,,,,,,,,,,,,,,,,,,,
first,Yeray,Andorra,Gibraltar,Spain,,,,,,,,,,,,,,,,,,
first,Yerbolat,Kazakhstan,,,,,,,,,,,,,,,,,,,,
first,Yerkebulan,Kazakhstan,,,,,,,,,,,,,,,,,,,,
first,Yerlan,Kazakhstan,,,,,,,,,,,,,,,,,,,,
first,Yervand,Armenia,,,,,,,,,,,,,,,,,,,,
first,Yevgen,Ukraine,,,,,,,,,,,,,,,,,,,,
first,Yevhen,Ukraine,,,,,,,,,,,,,,,,,,,,
first,Yevhenii,Ukraine,,,,,,,,,,,,,,,,,,,,
first,Yiannakis,Cyprus,,,,,,,,,,,,,,,,,,,,
first,Ylli,Albania,Kosovo,,,,,,,,,,,,,,,,,,,
first,Yngve,Norway,Sweden,,,,,,,,,,,,,,,,,,,
first,Yngvi,Iceland,,,,,,,,,,,,,,,,,,,,
first,Yoel,Andorra,Gibraltar,Spain,,,,,,,,,,,,,,,,,,
first,Yordan,Bulgaria,North Macedonia,,,,,,,,,,,,,,,,,,,
first,Yossi,Israel,,,,,,,,,,,,,,,,,,,,
first,Yuri,Belarus,Russia,Ukraine,,,,,,,,,,,,,,,,,,
first,Yuriy,Ukraine,,,,,,,,,,,,,,,,,,,,
first,Yusuf,Turkey,,,,,,,,,,,,,,,,,,,,
first,Yuval,Israel,,,,,,,,,,,,,,,,,,,,
first,Zach,Malta,,,,,,,,,,,,,,,,,,,,
first,Zachary,England,Gibraltar,Wales,,,,,,,,,,,,,,,,,,
first,Zakhar,Russia,,,,,,,,,,,,,,,,,,,,
first,Zarko,Montenegro,Serbia,,,,,,,,,,,,,,,,,,,
first,Zaven,Armenia,,,,,,,,,,,,,,,,,,,,
first,Zdenek,Czechia,,,,,,,,,,,,,,,,,,,,
first,Zdenko,Slovakia,,,,,,,,,,,,,,,,,,,,
first,Ze,Portugal,,,,,,,,,,,,,,,,,,,,
first,Zeljko,Montenegro,Serbia,,,,,,,,,,,,,,,,,,,
first,Zhaslan,Kazakhstan,,,,,,,,,,,,,,,,,,,,
first,Zhivko,Bulgaria,North Macedonia,,,,,,,,,,,,,,,,,,,
first,Ziga,Slovenia,,,,,,,,,,,,,,,,,,,,
first,Zisis,Cyprus,Greece,,,,,,,,,,,,,,,,,,,
first,Ziv,Israel,,,,,,,,,,,,,,,,,,,,
first,Zlatan,Bosnia,,,,,,,,,,,,,,,,,,,,
first,Zlatko,North Macedonia,,,,,,,,,,,,,,,,,,,,
first,Zoltan,Hungary,,,,,,,,,,,,,,,,,,,,
first,Zoran,Croatia,Montenegro,Serbia,,,,,,,,,,,,,,,,,,
first,Zsolt,Hungary,,,,,,,,,,,,,,,,,,,,
first,Zurab,Georgia,,,,,,,,,,,,,,,,,,,,
first,Zviad,Georgia,,,,,,,,,,,,,,,,,,,,
first,Zvonimir,Croatia,,,,,,,,,,,,,,,,,,,,
first,Zydrunas,Lithuania,,,,,,,,,,,,,,,,,,,,
first,Zygimantas,Lithuania,,,,,,,,,,,,,,,,,,,,
first,Zymer,Kosovo,,,,,,,,,,,,,,,,,,,,
surname,Aaltonen,Finland,,,,,,,,,,,,,,,,,,,,
surname,Aas,Estonia,,,,,,,,,,,,,,,,,,,,
surname,Abbasov,Azerbaijan,,,,,,,,,,,,,,,,,,,,
surname,Abbott,England,Gibraltar,,,,,,,,,,,,,,,,,,,
surname,Abdrakhmanov,Kazakhstan,,,,,,,,,,,,,,,,,,,,
surname,Abela,Malta,,,,,,,,,,,,,,,,,,,,
surname,Abilov,Kazakhstan,,,,,,,,,,,,,,,,,,,,
surname,Acar,Turkey,,,,,,,,,,,,,,,,,,,,
surname,Ackermann,Austria,Germany,Liechtenstein,Switzerland,,,,,,,,,,,,,,,,,
surname,Adam,France,Germany,Monaco,,,,,,,,,,,,,,,,,,
surname,Adamczyk,Poland,,,,,,,,,,,,,,,,,,,,
surname,Adams,England,Gibraltar,Wales,,,,,,,,,,,,,,,,,,
surname,Adomaitis,Lithuania,,,,,,,,,,,,,,,,,,,,
surname,Aghayev,Azerbaijan,,,,,,,,,,,,,,,,,,,,
surname,Agius,Malta,,,,,,,,,,,,,,,,,,,,
surname,Ahmadov,Azerbaijan,,,,,,,,,,,,,,,,,,,,
surname,Ahmeti,Kosovo,,,,,,,,,,,,,,,,,,,,
surname,Ahmetovic,Bosnia,,,,,,,,,,,,,,,,,,,,
surname,Ahonen,Finland,,,,,,,,,,,,,,,,,,,,
surname,Ainsworth,England,Gibraltar,,,,,,,,,,,,,,,,,,,
surname,Akhmetov,Kazakhstan,,,,,,,,,,,,,,,,,,,,
surname,Aksoy,Turkey,,,,,,,,,,,,,,,,,,,,
surname,Albert,France,Germany,Monaco,,,,,,,,,,,,,,,,,,
surname,Alekseyev,Russia,,,,,,,,,,,,,,,,,,,,
surname,Alexiou,Cyprus,Greece,,,,,,,,,,,,,,,,,,,
surname,Alimbekov,Kazakhstan,,,,,,,,,,,,,,,,,,,,
surname,Aliyev,Azerbaijan,,,,,,,,,,,,,,,,,,,,
surname,Almeida,Portugal,,,,,,,,,,,,,,,,,,,,
surname,Alonso,Andorra,Gibraltar,Spain,,,,,,,,,,,,,,,,,,
surname,Altintas,Turkey,,,,,,,,,,,,,,,,,,,,
surname,Alvarez,Andorra,Gibraltar,Spain,,,,,,,,,,,,,,,,,,
surname,Amar,Israel,,,,,,,,,,,,,,,,,,,,
surname,Amirov,Azerbaijan,Kazakhstan,,,,,,,,,,,,,,,,,,,
surname,Andersen,Denmark,Norway,,,,,,,,,,,,,,,,,,,
surname,Anderson,Scotland,,,,,,,,,,,,,,,,,,,,
surname,Andersson,Sweden,,,,,,,,,,,,,,,,,,,,
surname,Andreasen,Faroe Islands,,,,,,,,,,,,,,,,,,,,
surname,Andreassen,Norway,,,,,,,,,,,,,,,,,,,,
surname,Andreev,Belarus,Russia,,,,,,,,,,,,,,,,,,,
surname,Andreou,Cyprus,,,,,,,,,,,,,,,,,,,,
surname,Angelopoulos,Cyprus,Greece,,,,,,,,,,,,,,,,,,,
surname,Angelov,Bulgaria,North Macedonia,,,,,,,,,,,,,,,,,,,
surname,Angelovski,North Macedonia,,,,,,,,,,,,,,,,,,,,
surname,Anton,Estonia,,,,,,,,,,,,,,,,,,,,
surname,Antoniou,Cyprus,Greece,,,,,,,,,,,,,,,,,,,
surname,Antonov,Belarus,Russia,,,,,,,,,,,,,,,,,,,
surname,Arakelyan,Armenia,,,,,,,,,,,,,,,,,,,,
surname,Araujo,Andorra,Gibraltar,Portugal,Spain,,,,,,,,,,,,,,,,,
surname,Armstrong,England,Gibraltar,Scotland,,,,,,,,,,,,,,,,,,
surname,Arnason,Iceland,,,,,,,,,,,,,,,,,,,,
surname,Arnold,Austria,Germany,Liechtenstein,Switzerland,,,,,,,,,,,,,,,,,
surname,Arslan,Turkey,,,,,,,,,,,,,,,,,,,,
surname,Artemyev,Russia,,,,,,,,,,,,,,,,,,,,
surname,Arveladze,Georgia,,,,,,,,,,,,,,,,,,,,
surname,Ashkenazi,Israel,,,,,,,,,,,,,,,,,,,,
surname,Aslan,Turkey,,,,,,,,,,,,,,,,,,,,
surname,Aslanyan,Armenia,,,,,,,,,,,,,,,,,,,,
surname,Atanasov,Bulgaria,North Macedonia,,,,,,,,,,,,,,,,,,,
surname,Athanasiou,Cyprus,Greece,,,,,,,,,,,,,,,,,,,
surname,Atkinson,England,Gibraltar,,,,,,,,,,,,,,,,,,,
surname,Attard,Malta,,,,,,,,,,,,,,,,,,,,
surname,Aubert,Belgium,France,Liechtenstein,Monaco,Switzerland,,,,,,,,,,,,,,,,
surname,Auzins,Latvia,,,,,,,,,,,,,,,,,,,,
surname,Avdeyev,Russia,,,,,,,,,,,,,,,,,,,,
surname,Avetisyan,Armenia,,,,,,,,,,,,,,,,,,,,
surname,Avraham,Israel,,,,,,,,,,,,,,,,,,,,
surname,Axelsen,Denmark,,,,,,,,,,,,,,,,,,,,
surname,Aydin,Turkey,,,,,,,,,,,,,,,,,,,,
surname,Azzopardi,Malta,,,,,,,,,,,,,,,,,,,,
surname,Babic,Croatia,Montenegro,Serbia,,,,,,,,,,,,,,,,,,
surname,Baghdasaryan,Armenia,,,,,,,,,,,,,,,,,,,,
surname,Bagirov,Azerbaijan,,,,,,,,,,,,,,,,,,,,
surname,Baimukhanov,Kazakhstan,,,,,,,,,,,,,,,,,,,,
surname,Baitursynov,Kazakhstan,,,,,,,,,,,,,,,,,,,,
surname,Bajramovic,Bosnia,,,,,,,,,,,,,,,,,,,,
surname,Bakas,Cyprus,Greece,,,,,,,,,,,,,,,,,,,
surname,Baker,England,Gibraltar,,,,,,,,,,,,,,,,,,,
surname,Bakke,Norway,,,,,,,,,,,,,,,,,,,,
surname,Bakker,Netherlands,,,,,,,,,,,,,,,,,,,,
surname,Balan,Moldova,,,,,,,,,,,,,,,,,,,,
surname,Balayan,Armenia,,,,,,,,,,,,,,,,,,,,
surname,Balaz,Slovakia,,,,,,,,,,,,,,,,,,,,
surname,Balciunas,Lithuania,,,,,,,,,,,,,,,,,,,,
surname,Baldursson,Iceland,,,,,,,,,,,,,,,,,,,,
surname,Balikci,Turkey,,,,,,,,,,,,,,,,,,,,
surname,Balodis,Latvia,,,,,,,,,,,,,,,,,,,,
surname,Balog,Hungary,,,,,,,,,,,,,,,,,,,,
surname,Balogh,Hungary,,,,,,,,,,,,,,,,,,,,
surname,Balogu,Moldova,Romania,,,,,,,,,,,,,,,,,,,
surname,Bandarenka,Belarus,,,,,,,,,,,,,,,,,,,,
surname,Bar,Israel,,,,,,,,,,,,,,,,,,,,
surname,Baran,Poland,,,,,,,,,,,,,,,,,,,,
surname,Baranauskas,Lithuania,,,,,,,,,,,,,,,,,,,,
surname,Baranov,Russia,,,,,,,,,,,,,,,,,,,,
surname,Barbieri,Italy,San Marino,,,,,,,,,,,,,,,,,,,
surname,Barbosa,Portugal,,,,,,,,,,,,,,,,,,,,
surname,Barbu,Moldova,Romania,,,,,,,,,,,,,,,,,,,
surname,Barda,Israel,,,,,,,,,,,,,,,,,,,,
surname,Bardhi,Albania,Kosovo,,,,,,,,,,,,,,,,,,,
surname,Barlow,England,Gibraltar,,,,,,,,,,,,,,,,,,,
surname,Barnes,England,Gibraltar,,,,,,,,,,,,,,,,,,,
surname,Barseghyan,Armenia,,,,,,,,,,,,,,,,,,,,
surname,Barta,Czechia,Hungary,,,,,,,,,,,,,,,,,,,
surname,Bartolo,Malta,,,,,,,,,,,,,,,,,,,,
surname,Bartos,Slovakia,,,,,,,,,,,,,,,,,,,,
surname,Basile,Italy,San Marino,,,,,,,,,,,,,,,,,,,
surname,Bauer,Austria,Germany,Liechtenstein,,,,,,,,,,,,,,,,,,
surname,Baumann,Austria,Germany,Liechtenstein,Switzerland,,,,,,,,,,,,,,,,,
surname,Bautista,Andorra,Gibraltar,Spain,,,,,,,,,,,,,,,,,,
surname,Baxter,England,Gibraltar,Scotland,,,,,,,,,,,,,,,,,,
surname,Bayramov,Azerbaijan,,,,,,,,,,,,,,,,,,,,
surname,Beattie,Scotland,,,,,,,,,,,,,,,,,,,,
surname,Becker,Germany,,,,,,,,,,,,,,,,,,,,
surname,Begic,Bosnia,,,,,,,,,,,,,,,,,,,,
surname,Bejenaru,Moldova,,,,,,,,,,,,,,,,,,,,
surname,Bekbolatov,Kazakhstan,,,,,,,,,,,,,,,,,,,,
surname,Bekmurat,Kazakhstan,,,,,,,,,,,,,,,,,,,,
surname,Bekturov,Kazakhstan,,,,,,,,,,,,,,,,,,,,
surname,Bell,England,Gibraltar,Scotland,,,,,,,,,,,,,,,,,,
surname,Belov,Russia,,,,,,,,,,,,,,,,,,,,
surname,Belyayev,Russia,,,,,,,,,,,,,,,,,,,,
surname,Ben David,Israel,,,,,,,,,,,,,,,,,,,,
surname,Benes,Czechia,Slovakia,,,,,,,,,,,,,,,,,,,
surname,Benjaminsen,Faroe Islands,,,,,,,,,,,,,,,,,,,,
surname,Bennett,England,Gibraltar,,,,,,,,,,,,,,,,,,,
surname,Benoit,Belgium,France,Liechtenstein,Monaco,Switzerland,,,,,,,,,,,,,,,,
surname,Berg,Faroe Islands,Norway,Sweden,,,,,,,,,,,,,,,,,,
surname,Berger,Austria,Germany,Liechtenstein,Switzerland,,,,,,,,,,,,,,,,,
surname,Berggren,Sweden,,,,,,,,,,,,,,,,,,,,
surname,Berglund,Sweden,,,,,,,,,,,,,,,,,,,,
surname,Bergqvist,Sweden,,,,,,,,,,,,,,,,,,,,
surname,Bergstrom,Sweden,,,,,,,,,,,,,,,,,,,,
surname,Beridze,Georgia,,,,,,,,,,,,,,,,,,,,
surname,Berisha,Albania,Kosovo,,,,,,,,,,,,,,,,,,,
surname,Bernard,Belgium,France,Liechtenstein,Luxembourg,Monaco,Switzerland,,,,,,,,,,,,,,,
surname,Berzins,Latvia,,,,,,,,,,,,,,,,,,,,
surname,Besic,Bosnia,,,,,,,,,,,,,,,,,,,,
surname,Bevan,Wales,,,,,,,,,,,,,,,,,,,,
surname,Bezzina,Malta,,,,,,,,,,,,,,,,,,,,
surname,Bialek,Poland,,,,,,,,,,,,,,,,,,,,
surname,Bianchi,Italy,San Marino,,,,,,,,,,,,,,,,,,,
surname,Biro,Hungary,Moldova,Romania,,,,,,,,,,,,,,,,,,
surname,Biton,Israel,,,,,,,,,,,,,,,,,,,,
surname,Bjarnason,Iceland,,,,,,,,,,,,,,,,,,,,
surname,Bjerke,Norway,,,,,,,,,,,,,,,,,,,,
surname,Bjork,Sweden,,,,,,,,,,,,,,,,,,,,
surname,Bjorklund,Sweden,,,,,,,,,,,,,,,,,,,,
surname,Bjornsen,Norway,,,,,,,,,,,,,,,,,,,,
surname,Black,Scotland,,,,,,,,,,,,,,,,,,,,
surname,Blagojevic,Montenegro,Serbia,,,,,,,,,,,,,,,,,,,
surname,Blanc,France,Liechtenstein,Monaco,Switzerland,,,,,,,,,,,,,,,,,
surname,Blanco,Andorra,Gibraltar,Spain,,,,,,,,,,,,,,,,,,
surname,Blazevic,Croatia,,,,,,,,,,,,,,,,,,,,
surname,Blom,Netherlands,,,,,,,,,,,,,,,,,,,,
surname,Bobrov,Russia,,,,,,,,,,,,,,,,,,,,
surname,Boer,Netherlands,,,,,,,,,,,,,,,,,,,,
surname,Bogdan,Hungary,,,,,,,,,,,,,,,,,,,,
surname,Bogdanov,Russia,,,,,,,,,,,,,,,,,,,,
surname,Bogdanovski,North Macedonia,,,,,,,,,,,,,,,,,,,,
surname,Bohnert,Luxembourg,,,,,,,,,,,,,,,,,,,,
surname,Bolkvadze,Georgia,,,,,,,,,,,,,,,,,,,,
surname,Bondar,Ukraine,,,,,,,,,,,,,,,,,,,,
surname,Bondarenko,Ukraine,,,,,,,,,,,,,,,,,,,,
surname,Bonello,Malta,,,,,,,,,,,,,,,,,,,,
surname,Booth,England,Gibraltar,,,,,,,,,,,,,,,,,,,
surname,Borg,Malta,,,,,,,,,,,,,,,,,,,,
surname,Borislavov,Bulgaria,North Macedonia,,,,,,,,,,,,,,,,,,,
surname,Borisov,Bulgaria,North Macedonia,,,,,,,,,,,,,,,,,,,
surname,Borkowski,Poland,,,,,,,,,,,,,,,,,,,,
surname,Borodin,Russia,,,,,,,,,,,,,,,,,,,,
surname,Bos,Netherlands,,,,,,,,,,,,,,,,,,,,
surname,Boskovic,Montenegro,,,,,,,,,,,,,,,,,,,,
surname,Bosman,Belgium,Netherlands,,,,,,,,,,,,,,,,,,,
surname,Botnari,Moldova,,,,,,,,,,,,,,,,,,,,
surname,Boyce,Northern Ireland,,,,,,,,,,,,,,,,,,,,
surname,Boyko,Ukraine,,,,,,,,,,,,,,,,,,,,
surname,Boyle,Northern Ireland,Scotland,,,,,,,,,,,,,,,,,,,
surname,Bozic,Slovenia,,,,,,,,,,,,,,,,,,,,
surname,Bozkurt,Turkey,,,,,,,,,,,,,,,,,,,,
surname,Bozovic,Montenegro,,,,,,,,,,,,,,,,,,,,
surname,Bradley,Northern Ireland,,,,,,,,,,,,,,,,,,,,
surname,Bradshaw,England,Gibraltar,,,,,,,,,,,,,,,,,,,
surname,Braga,Portugal,,,,,,,,,,,,,,,,,,,,
surname,Brandt,Germany,,,,,,,,,,,,,,,,,,,,
surname,Braun,Austria,Germany,Liechtenstein,Luxembourg,,,,,,,,,,,,,,,,,
surname,Bregar,Slovenia,,,,,,,,,,,,,,,,,,,,
surname,Brennan,Republic of Ireland,,,,,,,,,,,,,,,,,,,,
surname,Breuer,Germany,,,,,,,,,,,,,,,,,,,,
surname,Briedis,Latvia,,,,,,,,,,,,,,,,,,,,
surname,Brierley,England,Gibraltar,,,,,,,,,,,,,,,,,,,
surname,Briffa,Malta,,,,,,,,,,,,,,,,,,,,
surname,Briggs,England,Gibraltar,,,,,,,,,,,,,,,,,,,
surname,Brooks,England,Gibraltar,,,,,,,,,,,,,,,,,,,
surname,Brouwer,Netherlands,,,,,,,,,,,,,,,,,,,,
surname,Brown,England,Gibraltar,Scotland,,,,,,,,,,,,,,,,,,
surname,Brozovic,Croatia,,,,,,,,,,,,,,,,,,,,
surname,Bruckner,Austria,Germany,Liechtenstein,,,,,,,,,,,,,,,,,,
surname,Brunner,Austria,Germany,Liechtenstein,Switzerland,,,,,,,,,,,,,,,,,
surname,Bruno,Italy,San Marino,,,,,,,,,,,,,,,,,,,
surname,Bugeja,Malta,,,,,,,,,,,,,,,,,,,,
surname,Bulut,Turkey,,,,,,,,,,,,,,,,,,,,
surname,Burke,Republic of Ireland,,,,,,,,,,,,,,,,,,,,
surname,Burns,Scotland,,,,,,,,,,,,,,,,,,,,
surname,Burton,England,Gibraltar,,,,,,,,,,,,,,,,,,,
surname,Butkus,Lithuania,,,,,,,,,,,,,,,,,,,,
surname,Butler,England,Gibraltar,,,,,,,,,,,,,,,,,,,
surname,Buttigieg,Malta,,,,,,,,,,,,,,,,,,,,
surname,Bykau,Belarus,,,,,,,,,,,,,,,,,,,,
surname,Bykov,Russia,,,,,,,,,,,,,,,,,,,,
surname,Byrne,Republic of Ireland,,,,,,,,,,,,,,,,,,,,
surname,Bytyqi,Kosovo,,,,,,,,,,,,,,,,,,,,
surname,Caballero,Andorra,Gibraltar,Spain,,,,,,,,,,,,,,,,,,
surname,Cachia,Malta,,,,,,,,,,,,,,,,,,,,
surname,Cairns,Scotland,,,,,,,,,,,,,,,,,,,,
surname,Cakir,Turkey,,,,,,,,,,,,,,,,,,,,
surname,Calleja,Malta,,,,,,,,,,,,,,,,,,,,
surname,Camilleri,Malta,,,,,,,,,,,,,,,,,,,,
surname,Campbell,Scotland,,,,,,,,,,,,,,,,,,,,
surname,Campos,Andorra,Gibraltar,Portugal,Spain,,,,,,,,,,,,,,,,,
surname,Cani,Albania,Kosovo,,,,,,,,,,,,,,,,,,,
surname,Caraman,Moldova,,,,,,,,,,,,,,,,,,,,
surname,Cardoso,Portugal,,,,,,,,,,,,,,,,,,,,
surname,Carlsen,Denmark,Norway,,,,,,,,,,,,,,,,,,,
surname,Carmona,Andorra,Gibraltar,Spain,,,,,,,,,,,,,,,,,,
surname,Carr,England,Gibraltar,,,,,,,,,,,,,,,,,,,
surname,Carter,England,Gibraltar,,,,,,,,,,,,,,,,,,,
surname,Caruana,Malta,,,,,,,,,,,,,,,,,,,,
surname,Caruso,Italy,San Marino,,,,,,,,,,,,,,,,,,,
surname,Carvalho,Portugal,,,,,,,,,,,,,,,,,,,,
surname,Cassar,Malta,,,,,,,,,,,,,,,,,,,,
surname,Castro,Andorra,Gibraltar,Portugal,Spain,,,,,,,,,,,,,,,,,
surname,Cathcart,Northern Ireland,,,,,,,,,,,,,,,,,,,,
surname,Cauchi,Malta,,,,,,,,,,,,,,,,,,,,
surname,Cazac,Moldova,,,,,,,,,,,,,,,,,,,,
surname,Cebotari,Moldova,,,,,,,,,,,,,,,,,,,,
surname,Ceferov,Azerbaijan,,,,,,,,,,,,,,,,,,,,
surname,Celik,Turkey,,,,,,,,,,,,,,,,,,,,
surname,Ceric,Bosnia,,,,,,,,,,,,,,,,,,,,
surname,Cerne,Slovenia,,,,,,,,,,,,,,,,,,,,
surname,Cerny,Czechia,Slovakia,,,,,,,,,,,,,,,,,,,
surname,Cesnauskis,Lithuania,,,,,,,,,,,,,,,,,,,,
surname,Cetin,Turkey,,,,,,,,,,,,,,,,,,,,
surname,Chakvetadze,Georgia,,,,,,,,,,,,,,,,,,,,
surname,Chambers,England,Gibraltar,,,,,,,,,,,,,,,,,,,
surname,Chanturia,Georgia,,,,,,,,,,,,,,,,,,,,
surname,Chapman,England,Gibraltar,,,,,,,,,,,,,,,,,,,
surname,Charalambous,Cyprus,,,,,,,,,,,,,,,,,,,,
surname,Charles,Belgium,France,Monaco,,,,,,,,,,,,,,,,,,
surname,Charnyshou,Belarus,,,,,,,,,,,,,,,,,,,,
surname,Chatzis,Cyprus,Greece,,,,,,,,,,,,,,,,,,,
surname,Chernov,Russia,,,,,,,,,,,,,,,,,,,,
surname,Chernyshov,Russia,,,,,,,,,,,,,,,,,,,,
surname,Chkheidze,Georgia,,,,,,,,,,,,,,,,,,,,
surname,Chmielewski,Poland,,,,,,,,,,,,,,,,,,,,
surname,Christensen,Denmark,,,,,,,,,,,,,,,,,,,,
surname,Christiansen,Norway,,,,,,,,,,,,,,,,,,,,
surname,Christodoulou,Cyprus,Greece,,,,,,,,,,,,,,,,,,,
surname,Christofi,Cyprus,,,,,,,,,,,,,,,,,,,,
surname,Ciobanu,Moldova,Romania,,,,,,,,,,,,,,,,,,,
surname,Cirulis,Latvia,,,,,,,,,,,,,,,,,,,,
surname,Clark,England,Gibraltar,Scotland,,,,,,,,,,,,,,,,,,
surname,Clarke,Republic of Ireland,,,,,,,,,,,,,,,,,,,,
surname,Claus,Belgium,Germany,,,,,,,,,,,,,,,,,,,
surname,Clausen,Denmark,,,,,,,,,,,,,,,,,,,,
surname,Cohen,Israel,,,,,,,,,,,,,,,,,,,,
surname,Cojocaru,Moldova,,,,,,,,,,,,,,,,,,,,
surname,Coleman,Republic of Ireland,,,,,,,,,,,,,,,,,,,,
surname,Coles,England,Gibraltar,,,,,,,,,,,,,,,,,,,
surname,Colin,Belgium,France,Monaco,,,,,,,,,,,,,,,,,,
surname,Collins,England,Gibraltar,Northern Ireland,Republic of Ireland,,,,,,,,,,,,,,,,,
surname,Colombo,Italy,San Marino,,,,,,,,,,,,,,,,,,,
surname,Connolly,Republic of Ireland,,,,,,,,,,,,,,,,,,,,
surname,Constantin,Moldova,Romania,,,,,,,,,,,,,,,,,,,
surname,Conte,Italy,San Marino,,,,,,,,,,,,,,,,,,,
surname,Conti,Italy,San Marino,,,,,,,,,,,,,,,,,,,
surname,Cook,England,Gibraltar,,,,,,,,,,,,,,,,,,,
surname,Cooper,England,Gibraltar,,,,,,,,,,,,,,,,,,,
surname,Coppola,Italy,San Marino,,,,,,,,,,,,,,,,,,,
surname,Cornet,Belgium,France,Monaco,,,,,,,,,,,,,,,,,,
surname,Correia,Portugal,,,,,,,,,,,,,,,,,,,,
surname,Costa,Italy,Portugal,San Marino,,,,,,,,,,,,,,,,,,
surname,Courtois,Belgium,France,Monaco,,,,,,,,,,,,,,,,,,
surname,Cox,England,Gibraltar,,,,,,,,,,,,,,,,,,,
surname,Craciun,Moldova,,,,,,,,,,,,,,,,,,,,
surname,Craig,Northern Ireland,,,,,,,,,,,,,,,,,,,,
surname,Crawford,Scotland,,,,,,,,,,,,,,,,,,,,
surname,Cross,England,Gibraltar,,,,,,,,,,,,,,,,,,,
surname,Cruz,Andorra,Gibraltar,Portugal,Spain,,,,,,,,,,,,,,,,,
surname,Cuesta,Andorra,Gibraltar,Spain,,,,,,,,,,,,,,,,,,
surname,Cullen,Republic of Ireland,,,,,,,,,,,,,,,,,,,,
surname,Cunningham,Northern Ireland,Scotland,,,,,,,,,,,,,,,,,,,
surname,Cutajar,Malta,,,,,,,,,,,,,,,,,,,,
surname,Czarnecki,Poland,,,,,,,,,,,,,,,,,,,,
surname,Da Silva,Luxembourg,,,,,,,,,,,,,,,,,,,,
surname,Dabrowski,Poland,,,,,,,,,,,,,,,,,,,,
surname,Daems,Belgium,,,,,,,,,,,,,,,,,,,,
surname,Dahan,Israel,,,,,,,,,,,,,,,,,,,,
surname,Dahl,Norway,Sweden,,,,,,,,,,,,,,,,,,,
surname,Dallas,Northern Ireland,,,,,,,,,,,,,,,,,,,,
surname,Dalli,Malta,,,,,,,,,,,,,,,,,,,,
surname,Dalton,England,Gibraltar,,,,,,,,,,,,,,,,,,,
surname,Daly,Republic of Ireland,,,,,,,,,,,,,,,,,,,,
surname,Damascan,Moldova,,,,,,,,,,,,,,,,,,,,
surname,Danielsen,Denmark,Faroe Islands,Norway,,,,,,,,,,,,,,,,,,
surname,Danielyan,Armenia,,,,,,,,,,,,,,,,,,,,
surname,Danilov,Russia,,,,,,,,,,,,,,,,,,,,
surname,Dauletov,Kazakhstan,,,,,,,,,,,,,,,,,,,,
surname,Davidsen,Faroe Islands,,,,,,,,,,,,,,,,,,,,
surname,Davidson,Scotland,,,,,,,,,,,,,,,,,,,,
surname,Davies,Wales,,,,,,,,,,,,,,,,,,,,
surname,Davtyan,Armenia,,,,,,,,,,,,,,,,,,,,
surname,Davydov,Russia,,,,,,,,,,,,,,,,,,,,
surname,Dawson,England,Gibraltar,,,,,,,,,,,,,,,,,,,
surname,Dayan,Israel,,,,,,,,,,,,,,,,,,,,
surname,De Boer,Netherlands,,,,,,,,,,,,,,,,,,,,
surname,De Bruijn,Netherlands,,,,,,,,,,,,,,,,,,,,
surname,De Bruyne,Belgium,,,,,,,,,,,,,,,,,,,,
surname,De Clercq,Belgium,,,,,,,,,,,,,,,,,,,,
surname,De Graaf,Netherlands,,,,,,,,,,,,,,,,,,,,
surname,De Groot,Netherlands,,,,,,,,,,,,,,,,,,,,
surname,De Jong,Netherlands,,,,,,,,,,,,,,,,,,,,
surname,De Luca,Italy,San Marino,,,,,,,,,,,,,,,,,,,
surname,De Ridder,Belgium,,,,,,,,,,,,,,,,,,,,
surname,De Santis,Italy,San Marino,,,,,,,,,,,,,,,,,,,
surname,De Smet,Belgium,,,,,,,,,,,,,,,,,,,,
surname,De Vries,Netherlands,,,,,,,,,,,,,,,,,,,,
surname,De Wit,Netherlands,,,,,,,,,,,,,,,,,,,,
surname,Dean,England,Gibraltar,,,,,,,,,,,,,,,,,,,
surname,Debono,Malta,,,,,,,,,,,,,,,,,,,,
surname,Dedic,Bosnia,,,,,,,,,,,,,,,,,,,,
surname,Dekker,Netherlands,,,,,,,,,,,,,,,,,,,,
surname,Delacroix,Belgium,France,Monaco,,,,,,,,,,,,,,,,,,
surname,Delgado,Andorra,Gibraltar,Spain,,,,,,,,,,,,,,,,,,
surname,Delic,Bosnia,,,,,,,,,,,,,,,,,,,,
surname,Demir,Turkey,,,,,,,,,,,,,,,,,,,,
surname,Demirel,Turkey,,,,,,,,,,,,,,,,,,,,
surname,Demyanenko,Ukraine,,,,,,,,,,,,,,,,,,,,
surname,Denis,Belgium,France,Monaco,,,,,,,,,,,,,,,,,,
surname,Denisov,Russia,,,,,,,,,,,,,,,,,,,,
surname,Dervishi,Albania,Kosovo,,,,,,,,,,,,,,,,,,,
surname,Devdariani,Georgia,,,,,,,,,,,,,,,,,,,,
surname,Deville,Luxembourg,,,,,,,,,,,,,,,,,,,,
surname,Diamantis,Cyprus,Greece,,,,,,,,,,,,,,,,,,,
surname,Dias,Portugal,,,,,,,,,,,,,,,,,,,,
surname,Diederich,Luxembourg,,,,,,,,,,,,,,,,,,,,
surname,Dijkstra,Netherlands,,,,,,,,,,,,,,,,,,,,
surname,Dimitrievski,North Macedonia,,,,,,,,,,,,,,,,,,,,
surname,Dimitriou,Cyprus,Greece,,,,,,,,,,,,,,,,,,,
surname,Dimitrov,Bulgaria,North Macedonia,,,,,,,,,,,,,,,,,,,
surname,Dixon,England,Gibraltar,,,,,,,,,,,,,,,,,,,
surname,Djokovic,Montenegro,Serbia,,,,,,,,,,,,,,,,,,,
surname,Djordjevic,Montenegro,Serbia,,,,,,,,,,,,,,,,,,,
surname,Djukanovic,Montenegro,,,,,,,,,,,,,,,,,,,,
surname,Djurhuus,Faroe Islands,,,,,,,,,,,,,,,,,,,,
surname,Djurisic,Montenegro,,,,,,,,,,,,,,,,,,,,
surname,Dmitriyev,Russia,,,,,,,,,,,,,,,,,,,,
surname,Dobrev,Bulgaria,North Macedonia,,,,,,,,,,,,,,,,,,,
surname,Dobrovolsky,Russia,Ukraine,,,,,,,,,,,,,,,,,,,
surname,Doda,Albania,Kosovo,,,,,,,,,,,,,,,,,,,
surname,Dogan,Turkey,,,,,,,,,,,,,,,,,,,,
surname,Doherty,Northern Ireland,,,,,,,,,,,,,,,,,,,,
surname,Dolezal,Czechia,,,,,,,,,,,,,,,,,,,,
surname,Dominguez,Andorra,Gibraltar,Spain,,,,,,,,,,,,,,,,,,
surname,Dorofeyev,Russia,,,,,,,,,,,,,,,,,,,,
surname,Dosmagambetov,Kazakhstan,,,,,,,,,,,,,,,,,,,,
surname,Douglas,Scotland,,,,,,,,,,,,,,,,,,,,
surname,Doyle,Northern Ireland,Republic of Ireland,,,,,,,,,,,,,,,,,,,
surname,Dragomir,Moldova,Romania,,,,,,,,,,,,,,,,,,,
surname,Dragomirov,Bulgaria,North Macedonia,,,,,,,,,,,,,,,,,,,
surname,Drazdou,Belarus,,,,,,,,,,,,,,,,,,,,
surname,Drummond,Scotland,,,,,,,,,,,,,,,,,,,,
surname,Duarte,Portugal,,,,,,,,,,,,,,,,,,,,
surname,Dubois,Belgium,France,Liechtenstein,Monaco,Switzerland,,,,,,,,,,,,,,,,
surname,Dubov,Russia,,,,,,,,,,,,,,,,,,,,
surname,Dubovsky,Slovakia,,,,,,,,,,,,,,,,,,,,
surname,Duda,Poland,,,,,,,,,,,,,,,,,,,,
surname,Dudek,Poland,,,,,,,,,,,,,,,,,,,,
surname,Duffy,Republic of Ireland,,,,,,,,,,,,,,,,,,,,
surname,Dumins,Latvia,,,,,,,,,,,,,,,,,,,,
surname,Dumitru,Moldova,Romania,,,,,,,,,,,,,,,,,,,
surname,Dumont,Belgium,France,Monaco,,,,,,,,,,,,,,,,,,
surname,Duncan,Scotland,,,,,,,,,,,,,,,,,,,,
surname,Dunn,Northern Ireland,Scotland,,,,,,,,,,,,,,,,,,,
surname,Dunne,Republic of Ireland,,,,,,,,,,,,,,,,,,,,
surname,Dupont,Belgium,France,Liechtenstein,Monaco,Switzerland,,,,,,,,,,,,,,,,
surname,Durand,France,Monaco,,,,,,,,,,,,,,,,,,,
surname,Durmaz,Turkey,,,,,,,,,,,,,,,,,,,,
surname,Duro,Albania,Kosovo,,,,,,,,,,,,,,,,,,,
surname,Dvalishvili,Georgia,,,,,,,,,,,,,,,,,,,,
surname,Dvorak,Czechia,,,,,,,,,,,,,,,,,,,,
surname,Dzeko,Bosnia,,,,,,,,,,,,,,,,,,,,
surname,Eckert,Germany,,,,,,,,,,,,,,,,,,,,
surname,Edmundsson,Faroe Islands,,,,,,,,,,,,,,,,,,,,
surname,Edwards,Wales,,,,,,,,,,,,,,,,,,,,
surname,Egan,Republic of Ireland,,,,,,,,,,,,,,,,,,,,
surname,Egilsson,Faroe Islands,,,,,,,,,,,,,,,,,,,,
surname,Eglitis,Latvia,,,,,,,,,,,,,,,,,,,,
surname,Egorov,Russia,,,,,,,,,,,,,,,,,,,,
surname,Einarsson,Iceland,,,,,,,,,,,,,,,,,,,,
surname,Eiriksson,Iceland,,,,,,,,,,,,,,,,,,,,
surname,Eklund,Sweden,,,,,,,,,,,,,,,,,,,,
surname,Elbaz,Israel,,,,,,,,,,,,,,,,,,,,
surname,Eliasen,Faroe Islands,,,,,,,,,,,,,,,,,,,,
surname,Eliassen,Norway,,,,,,,,,,,,,,,,,,,,
surname,Eller,Estonia,,,,,,,,,,,,,,,,,,,,
surname,Ellingsgaard,Faroe Islands,,,,,,,,,,,,,,,,,,,,
surname,Elliott,England,Gibraltar,,,,,,,,,,,,,,,,,,,
surname,Ellis,England,Gibraltar,Wales,,,,,,,,,,,,,,,,,,
surname,Ellul,Malta,,,,,,,,,,,,,,,,,,,,
surname,Engstrom,Sweden,,,,,,,,,,,,,,,,,,,,
surname,Erdem,Turkey,,,,,,,,,,,,,,,,,,,,
surname,Erdogan,Turkey,,,,,,,,,,,,,,,,,,,,
surname,Eren,Turkey,,,,,,,,,,,,,,,,,,,,
surname,Eriksen,Denmark,Norway,,,,,,,,,,,,,,,,,,,
surname,Ermakov,Russia,,,,,,,,,,,,,,,,,,,,
surname,Esimov,Kazakhstan,,,,,,,,,,,,,,,,,,,,
surname,Esposito,Italy,San Marino,,,,,,,,,,,,,,,,,,,
surname,Esteban,Andorra,Gibraltar,Spain,,,,,,,,,,,,,,,,,,
surname,Esteves,Portugal,,,,,,,,,,,,,,,,,,,,
surname,Evans,Northern Ireland,Wales,,,,,,,,,,,,,,,,,,,
surname,Evers,Germany,Netherlands,,,,,,,,,,,,,,,,,,,
surname,Eyvazov,Azerbaijan,,,,,,,,,,,,,,,,,,,,
surname,Fabian,Hungary,,,,,,,,,,,,,,,,,,,,
surname,Fabre,France,Monaco,,,,,,,,,,,,,,,,,,,
surname,Falzon,Malta,,,,,,,,,,,,,,,,,,,,
surname,Farina,Italy,San Marino,,,,,,,,,,,,,,,,,,,
surname,Farkas,Hungary,,,,,,,,,,,,,,,,,,,,
surname,Farrell,Northern Ireland,Republic of Ireland,,,,,,,,,,,,,,,,,,,
surname,Farrugia,Malta,,,,,,,,,,,,,,,,,,,,
surname,Farzaliyev,Azerbaijan,,,,,,,,,,,,,,,,,,,,
surname,Faure,France,Monaco,,,,,,,,,,,,,,,,,,,
surname,Fedorov,Russia,,,,,,,,,,,,,,,,,,,,
surname,Fekete,Hungary,,,,,,,,,,,,,,,,,,,,
surname,Feltes,Luxembourg,,,,,,,,,,,,,,,,,,,,
surname,Fenech,Malta,,,,,,,,,,,,,,,,,,,,
surname,Ferguson,Northern Ireland,Scotland,,,,,,,,,,,,,,,,,,,
surname,Ferhatovic,Bosnia,,,,,,,,,,,,,,,,,,,,
surname,Fernandes,Portugal,,,,,,,,,,,,,,,,,,,,
surname,Fernandez,Andorra,Gibraltar,Spain,,,,,,,,,,,,,,,,,,
surname,Ferrara,Italy,San Marino,,,,,,,,,,,,,,,,,,,
surname,Ferrari,Italy,San Marino,,,,,,,,,,,,,,,,,,,
surname,Ferreira,Luxembourg,Portugal,,,,,,,,,,,,,,,,,,,
surname,Ferretti,Italy,San Marino,,,,,,,,,,,,,,,,,,,
surname,Fiala,Czechia,,,,,,,,,,,,,,,,,,,,
surname,Filatov,Russia,,,,,,,,,,,,,,,,,,,,
surname,Filipenka,Belarus,,,,,,,,,,,,,,,,,,,,
surname,Filippov,Russia,,,,,,,,,,,,,,,,,,,,
surname,Finch,England,Gibraltar,,,,,,,,,,,,,,,,,,,
surname,Finnbogason,Iceland,,,,,,,,,,,,,,,,,,,,
surname,Fischer,Austria,Germany,Liechtenstein,Switzerland,,,,,,,,,,,,,,,,,
surname,Fisher,England,Gibraltar,,,,,,,,,,,,,,,,,,,
surname,Fitzgerald,Republic of Ireland,,,,,,,,,,,,,,,,,,,,
surname,Fleming,Scotland,,,,,,,,,,,,,,,,,,,,
surname,Fletcher,England,Gibraltar,Scotland,,,,,,,,,,,,,,,,,,
surname,Fleury,Belgium,France,Monaco,,,,,,,,,,,,,,,,,,
surname,Flynn,Republic of Ireland,,,,,,,,,,,,,,,,,,,,
surname,Fodor,Hungary,,,,,,,,,,,,,,,,,,,,
surname,Fonseca,Portugal,,,,,,,,,,,,,,,,,,,,
surname,Fontana,Italy,San Marino,,,,,,,,,,,,,,,,,,,
surname,Forbes,Scotland,,,,,,,,,,,,,,,,,,,,
surname,Ford,England,Gibraltar,,,,,,,,,,,,,,,,,,,
surname,Foster,England,Gibraltar,,,,,,,,,,,,,,,,,,,
surname,Fotiadis,Cyprus,Greece,,,,,,,,,,,,,,,,,,,
surname,Fournier,France,Monaco,,,,,,,,,,,,,,,,,,,
surname,Fox,England,Gibraltar,,,,,,,,,,,,,,,,,,,
surname,Franco,Andorra,Gibraltar,Spain,,,,,,,,,,,,,,,,,,
surname,Francois,Belgium,France,Monaco,,,,,,,,,,,,,,,,,,
surname,Frandsen,Denmark,,,,,,,,,,,,,,,,,,,,
surname,Frank,Germany,,,,,,,,,,,,,,,,,,,,
surname,Fraser,Scotland,,,,,,,,,,,,,,,,,,,,
surname,Frederiksen,Faroe Islands,,,,,,,,,,,,,,,,,,,,
surname,Fredriksen,Norway,,,,,,,,,,,,,,,,,,,,
surname,Frey,Germany,Liechtenstein,Switzerland,,,,,,,,,,,,,,,,,,
surname,Fridriksson,Iceland,,,,,,,,,,,,,,,,,,,,
surname,Friedman,Israel,,,,,,,,,,,,,,,,,,,,
surname,Friedrich,Germany,,,,,,,,,,,,,,,,,,,,
surname,Frisch,Luxembourg,,,,,,,,,,,,,,,,,,,,
surname,Gabay,Israel,,,,,,,,,,,,,,,,,,,,
surname,Gajdos,Slovakia,,,,,,,,,,,,,,,,,,,,
surname,Gal,Hungary,,,,,,,,,,,,,,,,,,,,
surname,Galanis,Cyprus,Greece,,,,,,,,,,,,,,,,,,,
surname,Galea,Malta,,,,,,,,,,,,,,,,,,,,
surname,Gallagher,Republic of Ireland,,,,,,,,,,,,,,,,,,,,
surname,Galli,Italy,San Marino,,,,,,,,,,,,,,,,,,,
surname,Gallo,Italy,San Marino,,,,,,,,,,,,,,,,,,,
surname,Galstyan,Armenia,,,,,,,,,,,,,,,,,,,,
surname,Garayev,Azerbaijan,,,,,,,,,,,,,,,,,,,,
surname,Garcia,Andorra,Gibraltar,Spain,,,,,,,,,,,,,,,,,,
surname,Garnier,France,Monaco,,,,,,,,,,,,,,,,,,,
surname,Gashi,Albania,Kosovo,,,,,,,,,,,,,,,,,,,
surname,Gasimov,Azerbaijan,,,,,,,,,,,,,,,,,,,,
surname,Gasparyan,Armenia,,,,,,,,,,,,,,,,,,,,
surname,Gatt,Malta,,,,,,,,,,,,,,,,,,,,
surname,Gauci,Malta,,,,,,,,,,,,,,,,,,,,
surname,Geiger,Austria,Germany,Liechtenstein,,,,,,,,,,,,,,,,,,
surname,Gelashvili,Georgia,,,,,,,,,,,,,,,,,,,,
surname,Gengler,Luxembourg,,,,,,,,,,,,,,,,,,,,
surname,Gentile,Italy,San Marino,,,,,,,,,,,,,,,,,,,
surname,Georgiev,Bulgaria,North Macedonia,,,,,,,,,,,,,,,,,,,
surname,Georgievski,North Macedonia,,,,,,,,,,,,,,,,,,,,
surname,Georgiou,Cyprus,Greece,,,,,,,,,,,,,,,,,,,
surname,Gerard,Belgium,France,Monaco,,,,,,,,,,,,,,,,,,
surname,Gerasimov,Russia,,,,,,,,,,,,,,,,,,,,
surname,Gerber,Germany,Liechtenstein,Switzerland,,,,,,,,,,,,,,,,,,
surname,Gerson,Luxembourg,,,,,,,,,,,,,,,,,,,,
surname,Ghazaryan,Armenia,,,,,,,,,,,,,,,,,,,,
surname,Gheorghe,Moldova,Romania,,,,,,,,,,,,,,,,,,,
surname,Gibson,England,Gibraltar,Scotland,,,,,,,,,,,,,,,,,,
surname,Gil,Andorra,Gibraltar,Spain,,,,,,,,,,,,,,,,,,
surname,Giordano,Italy,San Marino,,,,,,,,,,,,,,,,,,,
surname,Giorgadze,Georgia,,,,,,,,,,,,,,,,,,,,
surname,Girard,France,Liechtenstein,Monaco,Switzerland,,,,,,,,,,,,,,,,,
surname,Gislason,Iceland,,,,,,,,,,,,,,,,,,,,
surname,Gjoka,Albania,Kosovo,,,,,,,,,,,,,,,,,,,
surname,Gjorgjievski,North Macedonia,,,,,,,,,,,,,,,,,,,,
surname,Gogia,Georgia,,,,,,,,,,,,,,,,,,,,
surname,Golan,Israel,,,,,,,,,,,,,,,,,,,,
surname,Golob,Slovenia,,,,,,,,,,,,,,,,,,,,
surname,Golovin,Russia,,,,,,,,,,,,,,,,,,,,
surname,Gomes,Portugal,,,,,,,,,,,,,,,,,,,,
surname,Goncalves,Portugal,,,,,,,,,,,,,,,,,,,,
surname,Gonzalez,Andorra,Gibraltar,Spain,,,,,,,,,,,,,,,,,,
surname,Gorbunov,Russia,,,,,,,,,,,,,,,,,,,,
surname,Gorski,Poland,,,,,,,,,,,,,,,,,,,,
surname,Grabowski,Poland,,,,,,,,,,,,,,,,,,,,
surname,Graf,Austria,Germany,Liechtenstein,Switzerland,,,,,,,,,,,,,,,,,
surname,Graham,Northern Ireland,Scotland,,,,,,,,,,,,,,,,,,,
surname,Grandjean,France,Liechtenstein,Monaco,Switzerland,,,,,,,,,,,,,,,,,
surname,Grant,Scotland,,,,,,,,,,,,,,,,,,,,
surname,Grasso,Italy,San Marino,,,,,,,,,,,,,,,,,,,
surname,Gray,England,Gibraltar,Scotland,,,,,,,,,,,,,,,,,,
surname,Grbic,Bosnia,,,,,,,,,,,,,,,,,,,,
surname,Grech,Malta,,,,,,,,,,,,,,,,,,,,
surname,Greco,Italy,San Marino,,,,,,,,,,,,,,,,,,,
surname,Green,England,Gibraltar,,,,,,,,,,,,,,,,,,,
surname,Grgic,Croatia,,,,,,,,,,,,,,,,,,,,
surname,Griffiths,Wales,,,,,,,,,,,,,,,,,,,,
surname,Grigas,Lithuania,,,,,,,,,,,,,,,,,,,,
surname,Grigorov,Bulgaria,North Macedonia,,,,,,,,,,,,,,,,,,,
surname,Grigoryan,Armenia,,,,,,,,,,,,,,,,,,,,
surname,Grigoryev,Russia,,,,,,,,,,,,,,,,,,,,
surname,Grinbergs,Latvia,,,,,,,,,,,,,,,,,,,,
surname,Gromov,Russia,,,,,,,,,,,,,,,,,,,,
surname,Gross,Austria,Germany,Liechtenstein,,,,,,,,,,,,,,,,,,
surname,Grosu,Moldova,,,,,,,,,,,,,,,,,,,,
surname,Gruber,Austria,Czechia,Germany,Liechtenstein,,,,,,,,,,,,,,,,,
surname,Gudjohnsen,Iceland,,,,,,,,,,,,,,,,,,,,
surname,Gudmundsson,Iceland,,,,,,,,,,,,,,,,,,,,
surname,Guerrero,Andorra,Gibraltar,Spain,,,,,,,,,,,,,,,,,,
surname,Guler,Turkey,,,,,,,,,,,,,,,,,,,,
surname,Guliyev,Azerbaijan,,,,,,,,,,,,,,,,,,,,
surname,Gunay,Turkey,,,,,,,,,,,,,,,,,,,,
surname,Gunes,Turkey,,,,,,,,,,,,,,,,,,,,
surname,Gunnarsson,Iceland,,,,,,,,,,,,,,,,,,,,
surname,Gusev,Russia,,,,,,,,,,,,,,,,,,,,
surname,Gustafsson,Sweden,,,,,,,,,,,,,,,,,,,,
surname,Gutierrez,Andorra,Gibraltar,Spain,,,,,,,,,,,,,,,,,,
surname,Gutu,Moldova,,,,,,,,,,,,,,,,,,,,
surname,Gvardiol,Croatia,,,,,,,,,,,,,,,,,,,,
surname,Haas,Austria,Germany,Liechtenstein,Switzerland,,,,,,,,,,,,,,,,,
surname,Hadad,Israel,,,,,,,,,,,,,,,,,,,,
surname,Hadjigeorgiou,Cyprus,,,,,,,,,,,,,,,,,,,,
surname,Hadzic,Bosnia,,,,,,,,,,,,,,,,,,,,
surname,Hafsteinsson,Iceland,,,,,,,,,,,,,,,,,,,,
surname,Hajek,Czechia,,,,,,,,,,,,,,,,,,,,
surname,Hakobyan,Armenia,,,,,,,,,,,,,,,,,,,,
surname,Hakonarson,Iceland,,,,,,,,,,,,,,,,,,,,
surname,Halilovic,Bosnia,,,,,,,,,,,,,,,,,,,,
surname,Halimi,Kosovo,,,,,,,,,,,,,,,,,,,,
surname,Hall,England,Gibraltar,,,,,,,,,,,,,,,,,,,
surname,Hallberg,Sweden,,,,,,,,,,,,,,,,,,,,
surname,Halldorsson,Iceland,,,,,,,,,,,,,,,,,,,,
surname,Hallgrimsson,Iceland,,,,,,,,,,,,,,,,,,,,
surname,Halonen,Finland,,,,,,,,,,,,,,,,,,,,
surname,Hamalainen,Finland,,,,,,,,,,,,,,,,,,,,
surname,Hambardzumyan,Armenia,,,,,,,,,,,,,,,,,,,,
surname,Hamilton,Scotland,,,,,,,,,,,,,,,,,,,,
surname,Hancharou,Belarus,,,,,,,,,,,,,,,,,,,,
surname,Hansen,Denmark,Faroe Islands,Norway,,,,,,,,,,,,,,,,,,
surname,Harel,Israel,,,,,,,,,,,,,,,,,,,,
surname,Harris,England,Gibraltar,Wales,,,,,,,,,,,,,,,,,,
surname,Hartmann,Germany,,,,,,,,,,,,,,,,,,,,
surname,Harutyunyan,Armenia,,,,,,,,,,,,,,,,,,,,
surname,Hasani,Albania,Kosovo,,,,,,,,,,,,,,,,,,,
surname,Hasanov,Azerbaijan,,,,,,,,,,,,,,,,,,,,
surname,Haug,Norway,,,,,,,,,,,,,,,,,,,,
surname,Haugen,Norway,,,,,,,,,,,,,,,,,,,,
surname,Hayes,England,Gibraltar,Republic of Ireland,Wales,,,,,,,,,,,,,,,,,
surname,Healy,Republic of Ireland,,,,,,,,,,,,,,,,,,,,
surname,Heikkila,Finland,,,,,,,,,,,,,,,,,,,,
surname,Heikkinen,Finland,,,,,,,,,,,,,,,,,,,,
surname,Heinonen,Finland,,,,,,,,,,,,,,,,,,,,
surname,Heinrich,Germany,,,,,,,,,,,,,,,,,,,,
surname,Helgason,Iceland,,,,,,,,,,,,,,,,,,,,
surname,Hemmen,Luxembourg,,,,,,,,,,,,,,,,,,,,
surname,Henderson,England,Gibraltar,Scotland,,,,,,,,,,,,,,,,,,
surname,Hendriks,Netherlands,,,,,,,,,,,,,,,,,,,,
surname,Henriksen,Denmark,Norway,,,,,,,,,,,,,,,,,,,
surname,Henriques,Portugal,,,,,,,,,,,,,,,,,,,,
surname,Hentze,Faroe Islands,,,,,,,,,,,,,,,,,,,,
surname,Hermans,Belgium,Netherlands,,,,,,,,,,,,,,,,,,,
surname,Herrera,Andorra,Gibraltar,Spain,,,,,,,,,,,,,,,,,,
surname,Herzog,Austria,Germany,Liechtenstein,Switzerland,,,,,,,,,,,,,,,,,
surname,Hill,England,Gibraltar,,,,,,,,,,,,,,,,,,,
surname,Hiltunen,Finland,,,,,,,,,,,,,,,,,,,,
surname,Hodson,Northern Ireland,,,,,,,,,,,,,,,,,,,,
surname,Hodzic,Bosnia,,,,,,,,,,,,,,,,,,,,
surname,Hoejgaard,Faroe Islands,,,,,,,,,,,,,,,,,,,,
surname,Hoffmann,Germany,Luxembourg,,,,,,,,,,,,,,,,,,,
surname,Hogan,Republic of Ireland,,,,,,,,,,,,,,,,,,,,
surname,Holden,England,Gibraltar,,,,,,,,,,,,,,,,,,,
surname,Holm,Denmark,Sweden,,,,,,,,,,,,,,,,,,,
surname,Holmberg,Sweden,,,,,,,,,,,,,,,,,,,,
surname,Holmes,England,Gibraltar,,,,,,,,,,,,,,,,,,,
surname,Holmgren,Sweden,,,,,,,,,,,,,,,,,,,,
surname,Holst,Denmark,,,,,,,,,,,,,,,,,,,,
surname,Horak,Czechia,,,,,,,,,,,,,,,,,,,,
surname,Horvat,Croatia,Slovenia,,,,,,,,,,,,,,,,,,,
surname,Horvath,Hungary,Slovakia,,,,,,,,,,,,,,,,,,,
surname,Hoti,Kosovo,,,,,,,,,,,,,,,,,,,,
surname,Hovhannisyan,Armenia,,,,,,,,,,,,,,,,,,,,
surname,Hovsepyan,Armenia,,,,,,,,,,,,,,,,,,,,
surname,Howarth,England,Gibraltar,,,,,,,,,,,,,,,,,,,
surname,Hoxha,Albania,Kosovo,,,,,,,,,,,,,,,,,,,
surname,Hribar,Slovenia,,,,,,,,,,,,,,,,,,,,
surname,Hristov,Bulgaria,North Macedonia,,,,,,,,,,,,,,,,,,,
surname,Hruska,Slovakia,,,,,,,,,,,,,,,,,,,,
surname,Hrytsuk,Belarus,,,,,,,,,,,,,,,,,,,,
surname,Huber,Austria,Germany,Liechtenstein,Switzerland,,,,,,,,,,,,,,,,,
surname,Hudak,Slovakia,,,,,,,,,,,,,,,,,,,,
surname,Hughes,Republic of Ireland,Wales,,,,,,,,,,,,,,,,,,,
surname,Hunter,Northern Ireland,Scotland,,,,,,,,,,,,,,,,,,,
surname,Huseynov,Azerbaijan,,,,,,,,,,,,,,,,,,,,
surname,Hyseni,Albania,Kosovo,,,,,,,,,,,,,,,,,,,
surname,Ibisevic,Bosnia,,,,,,,,,,,,,,,,,,,,
surname,Ibrahimov,Azerbaijan,,,,,,,,,,,,,,,,,,,,
surname,Ibrayev,Kazakhstan,,,,,,,,,,,,,,,,,,,,
surname,Iglesias,Andorra,Gibraltar,Spain,,,,,,,,,,,,,,,,,,
surname,Ignatyev,Russia,,,,,,,,,,,,,,,,,,,,
surname,Ilic,Montenegro,Serbia,,,,,,,,,,,,,,,,,,,
surname,Iliescu,Moldova,Romania,,,,,,,,,,,,,,,,,,,
surname,Iliev,Bulgaria,North Macedonia,,,,,,,,,,,,,,,,,,,
surname,Ilves,Estonia,,,,,,,,,,,,,,,,,,,,
surname,Ilyin,Russia,,,,,,,,,,,,,,,,,,,,
surname,Imamovic,Bosnia,,,,,,,,,,,,,,,,,,,,
surname,Immonen,Finland,,,,,,,,,,,,,,,,,,,,
surname,Ingason,Iceland,,,,,,,,,,,,,,,,,,,,
surname,Innes,Scotland,,,,,,,,,,,,,,,,,,,,
surname,Ioannou,Cyprus,Greece,,,,,,,,,,,,,,,,,,,
surname,Ionescu,Moldova,Romania,,,,,,,,,,,,,,,,,,,
surname,Ionita,Moldova,,,,,,,,,,,,,,,,,,,,
surname,Iorga,Moldova,,,,,,,,,,,,,,,,,,,,
surname,Irving,Scotland,,,,,,,,,,,,,,,,,,,,
surname,Isaksen,Faroe Islands,,,,,,,,,,,,,,,,,,,,
surname,Iskakov,Kazakhstan,,,,,,,,,,,,,,,,,,,,
surname,Ismaili,Albania,Kosovo,,,,,,,,,,,,,,,,,,,
surname,Ismayilov,Azerbaijan,,,,,,,,,,,,,,,,,,,,
surname,Ivanov,Belarus,Bulgaria,North Macedonia,Russia,,,,,,,,,,,,,,,,,
surname,Ivanovic,Croatia,Montenegro,Serbia,,,,,,,,,,,,,,,,,,
surname,Ivanovski,North Macedonia,,,,,,,,,,,,,,,,,,,,
surname,Jablonski,Poland,,,,,,,,,,,,,,,,,,,,
surname,Jackson,England,Gibraltar,,,,,,,,,,,,,,,,,,,
surname,Jacobs,Belgium,Germany,Netherlands,,,,,,,,,,,,,,,,,,
surname,Jafarov,Azerbaijan,,,,,,,,,,,,,,,,,,,,
surname,Jakobsen,Denmark,Norway,,,,,,,,,,,,,,,,,,,
surname,Jancik,Slovakia,,,,,,,,,,,,,,,,,,,,
surname,Jankauskas,Lithuania,,,,,,,,,,,,,,,,,,,,
surname,Jankowski,Poland,,,,,,,,,,,,,,,,,,,,
surname,Jans,Luxembourg,,,,,,,,,,,,,,,,,,,,
surname,Jansons,Latvia,,,,,,,,,,,,,,,,,,,,
surname,Janssen,Germany,Netherlands,,,,,,,,,,,,,,,,,,,
surname,Jarnskor,Faroe Islands,,,,,,,,,,,,,,,,,,,,
surname,Jarvinen,Finland,,,,,,,,,,,,,,,,,,,,
surname,Jarvis,England,Gibraltar,,,,,,,,,,,,,,,,,,,
surname,Jelinek,Czechia,,,,,,,,,,,,,,,,,,,,
surname,Jensen,Denmark,,,,,,,,,,,,,,,,,,,,
surname,Jerman,Slovenia,,,,,,,,,,,,,,,,,,,,
surname,Jespersen,Faroe Islands,,,,,,,,,,,,,,,,,,,,
surname,Jimenez,Andorra,Gibraltar,Spain,,,,,,,,,,,,,,,,,,
surname,Joensen,Faroe Islands,,,,,,,,,,,,,,,,,,,,
surname,Johannesen,Norway,,,,,,,,,,,,,,,,,,,,
surname,Johansson,Sweden,,,,,,,,,,,,,,,,,,,,
surname,Johnsen,Norway,,,,,,,,,,,,,,,,,,,,
surname,Johnson,England,Gibraltar,,,,,,,,,,,,,,,,,,,
surname,Johnston,Northern Ireland,Scotland,,,,,,,,,,,,,,,,,,,
surname,Jokinen,Finland,,,,,,,,,,,,,,,,,,,,
surname,Jokulsson,Iceland,,,,,,,,,,,,,,,,,,,,
surname,Jonasson,Sweden,,,,,,,,,,,,,,,,,,,,
surname,Jones,England,Gibraltar,Northern Ireland,Wales,,,,,,,,,,,,,,,,,
surname,Jonker,Netherlands,,,,,,,,,,,,,,,,,,,,
surname,Jonsson,Iceland,Sweden,,,,,,,,,,,,,,,,,,,
surname,Jorgensen,Denmark,,,,,,,,,,,,,,,,,,,,
surname,Jovanovic,Montenegro,Serbia,,,,,,,,,,,,,,,,,,,
surname,Jovanovski,North Macedonia,,,,,,,,,,,,,,,,,,,,
surname,Jovetic,Montenegro,,,,,,,,,,,,,,,,,,,,
surname,Juhasz,Hungary,,,,,,,,,,,,,,,,,,,,
surname,Juric,Croatia,,,,,,,,,,,,,,,,,,,,
surname,Juska,Lithuania,,,,,,,,,,,,,,,,,,,,
surname,Justinussen,Faroe Islands,,,,,,,,,,,,,,,,,,,,
surname,Kaasik,Estonia,,,,,,,,,,,,,,,,,,,,
surname,Kaczmarczyk,Poland,,,,,,,,,,,,,,,,,,,,
surname,Kaczmarek,Poland,,,,,,,,,,,,,,,,,,,,
surname,Kadyrbek,Kazakhstan,,,,,,,,,,,,,,,,,,,,
surname,Kaiser,Austria,Germany,Liechtenstein,,,,,,,,,,,,,,,,,,
surname,Kalejs,Latvia,,,,,,,,,,,,,,,,,,,,
surname,Kalinin,Russia,,,,,,,,,,,,,,,,,,,,
surname,Kalinowski,Poland,,,,,,,,,,,,,,,,,,,,
surname,Kaliyev,Kazakhstan,,,,,,,,,,,,,,,,,,,,
surname,Kaljula,Estonia,,,,,,,,,,,,,,,,,,,,
surname,Kallio,Finland,,,,,,,,,,,,,,,,,,,,
surname,Kalnins,Latvia,,,,,,,,,,,,,,,,,,,,
surname,Kaludjerovic,Montenegro,,,,,,,,,,,,,,,,,,,,
surname,Kaminski,Poland,,,,,,,,,,,,,,,,,,,,
surname,Kapanadze,Georgia,,,,,,,,,,,,,,,,,,,,
surname,Kaplan,Israel,Turkey,,,,,,,,,,,,,,,,,,,
surname,Kara,Turkey,,,,,,,,,,,,,,,,,,,,
surname,Karaca,Turkey,,,,,,,,,,,,,,,,,,,,
surname,Karagiannis,Cyprus,Greece,,,,,,,,,,,,,,,,,,,
surname,Karalis,Cyprus,Greece,,,,,,,,,,,,,,,,,,,
surname,Karaman,Turkey,,,,,,,,,,,,,,,,,,,,
surname,Karapetyan,Armenia,,,,,,,,,,,,,,,,,,,,
surname,Karason,Iceland,,,,,,,,,,,,,,,,,,,,
surname,Karic,Bosnia,,,,,,,,,,,,,,,,,,,,
surname,Karjalainen,Finland,,,,,,,,,,,,,,,,,,,,
surname,Karklins,Latvia,,,,,,,,,,,,,,,,,,,,
surname,Karlsson,Iceland,Sweden,,,,,,,,,,,,,,,,,,,
surname,Karpov,Russia,,,,,,,,,,,,,,,,,,,,
surname,Karpovich,Belarus,,,,,,,,,,,,,,,,,,,,
surname,Karu,Estonia,,,,,,,,,,,,,,,,,,,,
surname,Kashia,Georgia,,,,,,,,,,,,,,,,,,,,
surname,Kask,Estonia,,,,,,,,,,,,,,,,,,,,
surname,Kastelic,Slovenia,,,,,,,,,,,,,,,,,,,,
surname,Kastrati,Kosovo,,,,,,,,,,,,,,,,,,,,
surname,Katilius,Lithuania,,,,,,,,,,,,,,,,,,,,
surname,Katsaros,Cyprus,Greece,,,,,,,,,,,,,,,,,,,
surname,Katz,Israel,,,,,,,,,,,,,,,,,,,,
surname,Kavalenka,Belarus,,,,,,,,,,,,,,,,,,,,
surname,Kavaliauskas,Lithuania,,,,,,,,,,,,,,,,,,,,
surname,Kaya,Turkey,,,,,,,,,,,,,,,,,,,,
surname,Kayal,Israel,,,,,,,,,,,,,,,,,,,,
surname,Kayser,Luxembourg,,,,,,,,,,,,,,,,,,,,
surname,Kazlauskas,Lithuania,,,,,,,,,,,,,,,,,,,,
surname,Kazlou,Belarus,,,,,,,,,,,,,,,,,,,,
surname,Keane,Republic of Ireland,,,,,,,,,,,,,,,,,,,,
surname,Kearns,Northern Ireland,,,,,,,,,,,,,,,,,,,,
surname,Keller,Austria,Germany,Liechtenstein,Switzerland,,,,,,,,,,,,,,,,,
surname,Kelly,Northern Ireland,Republic of Ireland,,,,,,,,,,,,,,,,,,,
surname,Kelmendi,Albania,Kosovo,,,,,,,,,,,,,,,,,,,
surname,Kennedy,Republic of Ireland,,,,,,,,,,,,,,,,,,,,
surname,Kenzhebek,Kazakhstan,,,,,,,,,,,,,,,,,,,,
surname,Kerr,Scotland,,,,,,,,,,,,,,,,,,,,
surname,Khachatryan,Armenia,,,,,,,,,,,,,,,,,,,,
surname,Khalilov,Azerbaijan,,,,,,,,,,,,,,,,,,,,
surname,Kharaishvili,Georgia,,,,,,,,,,,,,,,,,,,,
surname,Kilic,Turkey,,,,,,,,,,,,,,,,,,,,
surname,King,England,Gibraltar,,,,,,,,,,,,,,,,,,,
surname,Kinnunen,Finland,,,,,,,,,,,,,,,,,,,,
surname,Kirakosyan,Armenia,,,,,,,,,,,,,,,,,,,,
surname,Kirilov,Bulgaria,North Macedonia,,,,,,,,,,,,,,,,,,,
surname,Kirsch,Luxembourg,,,,,,,,,,,,,,,,,,,,
surname,Kiselev,Russia,,,,,,,,,,,,,,,,,,,,
surname,Kiss,Hungary,,,,,,,,,,,,,,,,,,,,
surname,Kivi,Estonia,,,,,,,,,,,,,,,,,,,,
surname,Klaric,Croatia,,,,,,,,,,,,,,,,,,,,
surname,Klein,Germany,,,,,,,,,,,,,,,,,,,,
surname,Klettskard,Faroe Islands,,,,,,,,,,,,,,,,,,,,
surname,Klimov,Russia,,,,,,,,,,,,,,,,,,,,
surname,Knezevic,Croatia,Montenegro,Serbia,,,,,,,,,,,,,,,,,,
surname,Knight,England,Gibraltar,,,,,,,,,,,,,,,,,,,
surname,Knudsen,Faroe Islands,,,,,,,,,,,,,,,,,,,,
surname,Kobakhidze,Georgia,,,,,,,,,,,,,,,,,,,,
surname,Koch,Germany,,,,,,,,,,,,,,,,,,,,
surname,Kok,Netherlands,,,,,,,,,,,,,,,,,,,,
surname,Kola,Albania,Kosovo,,,,,,,,,,,,,,,,,,,
surname,Kolar,Czechia,,,,,,,,,,,,,,,,,,,,
surname,Kolasinac,Bosnia,,,,,,,,,,,,,,,,,,,,
surname,Kolesnikov,Russia,,,,,,,,,,,,,,,,,,,,
surname,Kolev,Bulgaria,North Macedonia,,,,,,,,,,,,,,,,,,,
surname,Komarov,Russia,,,,,,,,,,,,,,,,,,,,
surname,Konsbruck,Luxembourg,,,,,,,,,,,,,,,,,,,,
surname,Konstantinou,Cyprus,Greece,,,,,,,,,,,,,,,,,,,
surname,Koppel,Estonia,,,,,,,,,,,,,,,,,,,,
surname,Korhonen,Finland,,,,,,,,,,,,,,,,,,,,
surname,Korkmaz,Turkey,,,,,,,,,,,,,,,,,,,,
surname,Korolev,Russia,,,,,,,,,,,,,,,,,,,,
surname,Kos,Slovenia,,,,,,,,,,,,,,,,,,,,
surname,Koskinen,Finland,,,,,,,,,,,,,,,,,,,,
surname,Kostic,Montenegro,Serbia,,,,,,,,,,,,,,,,,,,
surname,Kostovski,North Macedonia,,,,,,,,,,,,,,,,,,,,
surname,Kovac,Croatia,Czechia,Slovakia,Slovenia,,,,,,,,,,,,,,,,,
surname,Kovacevic,Croatia,Montenegro,Serbia,,,,,,,,,,,,,,,,,,
surname,Kovacic,Croatia,Slovenia,,,,,,,,,,,,,,,,,,,
surname,Kovacik,Slovakia,,,,,,,,,,,,,,,,,,,,
surname,Kovacs,Hungary,,,,,,,,,,,,,,,,,,,,
surname,Koval,Ukraine,,,,,,,,,,,,,,,,,,,,
surname,Kovalchuk,Belarus,Ukraine,,,,,,,,,,,,,,,,,,,
surname,Kovalenko,Ukraine,,,,,,,,,,,,,,,,,,,,
surname,Kovalev,Belarus,Russia,,,,,,,,,,,,,,,,,,,
surname,Kowalczyk,Poland,,,,,,,,,,,,,,,,,,,,
surname,Kowalski,Poland,,,,,,,,,,,,,,,,,,,,
surname,Kozlov,Russia,,,,,,,,,,,,,,,,,,,,
surname,Kozlowski,Poland,,,,,,,,,,,,,,,,,,,,
surname,Krajnc,Slovenia,,,,,,,,,,,,,,,,,,,,
surname,Kral,Czechia,Slovakia,,,,,,,,,,,,,,,,,,,
surname,Kranjc,Slovenia,,,,,,,,,,,,,,,,,,,,
surname,Krasniqi,Albania,Kosovo,,,,,,,,,,,,,,,,,,,
surname,Kraus,Austria,Germany,Liechtenstein,,,,,,,,,,,,,,,,,,
surname,Kravchenko,Ukraine,,,,,,,,,,,,,,,,,,,,
surname,Kravchuk,Ukraine,,,,,,,,,,,,,,,,,,,,
surname,Krawczyk,Poland,,,,,,,,,,,,,,,,,,,,
surname,Kremer,Luxembourg,,,,,,,,,,,,,,,,,,,,
surname,Kristensen,Denmark,,,,,,,,,,,,,,,,,,,,
surname,Kristiansen,Norway,,,,,,,,,,,,,,,,,,,,
surname,Kristjansson,Iceland,,,,,,,,,,,,,,,,,,,,
surname,Krol,Poland,,,,,,,,,,,,,,,,,,,,
surname,Krstic,Montenegro,Serbia,,,,,,,,,,,,,,,,,,,
surname,Kruger,Germany,,,,,,,,,,,,,,,,,,,,
surname,Kruk,Belarus,,,,,,,,,,,,,,,,,,,,
surname,Krumins,Latvia,,,,,,,,,,,,,,,,,,,,
surname,Kuanyshbayev,Kazakhstan,,,,,,,,,,,,,,,,,,,,
surname,Kubiak,Poland,,,,,,,,,,,,,,,,,,,,
surname,Kucera,Czechia,Slovakia,,,,,,,,,,,,,,,,,,,
surname,Kucharski,Poland,,,,,,,,,,,,,,,,,,,,
surname,Kudryavtsev,Russia,,,,,,,,,,,,,,,,,,,,
surname,Kukk,Estonia,,,,,,,,,,,,,,,,,,,,
surname,Kurt,Turkey,,,,,,,,,,,,,,,,,,,,
surname,Kuusela,Finland,,,,,,,,,,,,,,,,,,,,
surname,Kuusk,Estonia,,,,,,,,,,,,,,,,,,,,
surname,Kuzmin,Russia,,,,,,,,,,,,,,,,,,,,
surname,Kuznetsov,Russia,,,,,,,,,,,,,,,,,,,,
surname,Kuzniatsou,Belarus,,,,,,,,,,,,,,,,,,,,
surname,Kvaratskhelia,Georgia,,,,,,,,,,,,,,,,,,,,
surname,Kyriakidis,Cyprus,Greece,,,,,,,,,,,,,,,,,,,
surname,Kyriakou,Cyprus,,,,,,,,,,,,,,,,,,,,
surname,Lacis,Latvia,,,,,,,,,,,,,,,,,,,,
surname,Lafferty,Northern Ireland,,,,,,,,,,,,,,,,,,,,
surname,Lah,Slovenia,,,,,,,,,,,,,,,,,,,,
surname,Lahtinen,Finland,,,,,,,,,,,,,,,,,,,,
surname,Laine,Finland,,,,,,,,,,,,,,,,,,,,
surname,Laitinen,Finland,,,,,,,,,,,,,,,,,,,,
surname,Lakatos,Hungary,,,,,,,,,,,,,,,,,,,,
surname,Lakic,Montenegro,,,,,,,,,,,,,,,,,,,,
surname,Lambert,Belgium,England,France,Gibraltar,Monaco,,,,,,,,,,,,,,,,
surname,Lambertz,Belgium,Germany,,,,,,,,,,,,,,,,,,,
surname,Lambrou,Cyprus,Greece,,,,,,,,,,,,,,,,,,,
surname,Lamers,Netherlands,,,,,,,,,,,,,,,,,,,,
surname,Lang,Austria,Germany,Liechtenstein,,,,,,,,,,,,,,,,,,
surname,Larin,Russia,,,,,,,,,,,,,,,,,,,,
surname,Larsen,Denmark,Faroe Islands,Norway,,,,,,,,,,,,,,,,,,
surname,Larsson,Sweden,,,,,,,,,,,,,,,,,,,,
surname,Laur,Estonia,,,,,,,,,,,,,,,,,,,,
surname,Laurent,Belgium,France,Monaco,,,,,,,,,,,,,,,,,,
surname,Lavery,Northern Ireland,,,,,,,,,,,,,,,,,,,,
surname,Lavi,Israel,,,,,,,,,,,,,,,,,,,,
surname,Lawson,Scotland,,,,,,,,,,,,,,,,,,,,
surname,Lazarevski,North Macedonia,,,,,,,,,,,,,,,,,,,,
surname,Lazarov,Bulgaria,North Macedonia,,,,,,,,,,,,,,,,,,,
surname,Lazic,Montenegro,Serbia,,,,,,,,,,,,,,,,,,,
surname,Leclerc,Belgium,France,Monaco,,,,,,,,,,,,,,,,,,
surname,Lefebvre,Belgium,France,Monaco,,,,,,,,,,,,,,,,,,
surname,Legrand,Belgium,France,Monaco,,,,,,,,,,,,,,,,,,
surname,Leht,Estonia,,,,,,,,,,,,,,,,,,,,
surname,Lehtinen,Finland,,,,,,,,,,,,,,,,,,,,
surname,Lehtonen,Finland,,,,,,,,,,,,,,,,,,,,
surname,Leifsson,Iceland,,,,,,,,,,,,,,,,,,,,
surname,Leka,Albania,Kosovo,,,,,,,,,,,,,,,,,,,
surname,Lemaire,Belgium,France,Monaco,,,,,,,,,,,,,,,,,,
surname,Lentz,Luxembourg,,,,,,,,,,,,,,,,,,,,
surname,Leone,Italy,San Marino,,,,,,,,,,,,,,,,,,,
surname,Leonov,Russia,,,,,,,,,,,,,,,,,,,,
surname,Lepik,Estonia,,,,,,,,,,,,,,,,,,,,
surname,Leppanen,Finland,,,,,,,,,,,,,,,,,,,,
surname,Leroy,Belgium,France,Monaco,,,,,,,,,,,,,,,,,,
surname,Levi,Israel,,,,,,,,,,,,,,,,,,,,
surname,Lewandowski,Poland,,,,,,,,,,,,,,,,,,,,
surname,Lewis,England,Gibraltar,Wales,,,,,,,,,,,,,,,,,,
surname,Liakos,Cyprus,Greece,,,,,,,,,,,,,,,,,,,
surname,Liepins,Latvia,,,,,,,,,,,,,,,,,,,,
surname,Lika,Albania,Kosovo,,,,,,,,,,,,,,,,,,,
surname,Lind,Estonia,Sweden,,,,,,,,,,,,,,,,,,,
surname,Lindberg,Sweden,,,,,,,,,,,,,,,,,,,,
surname,Lindgren,Sweden,,,,,,,,,,,,,,,,,,,,
surname,Lindholm,Sweden,,,,,,,,,,,,,,,,,,,,
surname,Lindqvist,Sweden,,,,,,,,,,,,,,,,,,,,
surname,Lindstrom,Sweden,,,,,,,,,,,,,,,,,,,,
surname,Lis,Poland,,,,,,,,,,,,,,,,,,,,
surname,Lisitsa,Belarus,,,,,,,,,,,,,,,,,,,,
surname,Litvinov,Russia,,,,,,,,,,,,,,,,,,,,
surname,Llewellyn,Wales,,,,,,,,,,,,,,,,,,,,
surname,Lloyd,Wales,,,,,,,,,,,,,,,,,,,,
surname,Lobanov,Russia,,,,,,,,,,,,,,,,,,,,
surname,Lobjanidze,Georgia,,,,,,,,,,,,,,,,,,,,
surname,Loizou,Cyprus,,,,,,,,,,,,,,,,,,,,
surname,Lombardi,Italy,San Marino,,,,,,,,,,,,,,,,,,,
surname,Lombardo,Italy,San Marino,,,,,,,,,,,,,,,,,,,
surname,Lomidze,Georgia,,,,,,,,,,,,,,,,,,,,
surname,Long,England,Gibraltar,,,,,,,,,,,,,,,,,,,
surname,Longo,Italy,San Marino,,,,,,,,,,,,,,,,,,,
surname,Lopes,Portugal,,,,,,,,,,,,,,,,,,,,
surname,Lorenzo,Andorra,Gibraltar,Spain,,,,,,,,,,,,,,,,,,
surname,Lovren,Croatia,,,,,,,,,,,,,,,,,,,,
surname,Lovric,Croatia,,,,,,,,,,,,,,,,,,,,
surname,Lozano,Andorra,Gibraltar,Spain,,,,,,,,,,,,,,,,,,
surname,Luik,Estonia,,,,,,,,,,,,,,,,,,,,
surname,Lukac,Slovakia,,,,,,,,,,,,,,,,,,,,
surname,Lukacs,Hungary,,,,,,,,,,,,,,,,,,,,
surname,Lukic,Montenegro,Serbia,,,,,,,,,,,,,,,,,,,
surname,Lukosius,Lithuania,,,,,,,,,,,,,,,,,,,,
surname,Lulic,Bosnia,,,,,,,,,,,,,,,,,,,,
surname,Lund,Denmark,Sweden,,,,,,,,,,,,,,,,,,,
surname,Lundberg,Sweden,,,,,,,,,,,,,,,,,,,,
surname,Lundgren,Sweden,,,,,,,,,,,,,,,,,,,,
surname,Lupu,Moldova,,,,,,,,,,,,,,,,,,,,
surname,Lynch,Northern Ireland,Republic of Ireland,,,,,,,,,,,,,,,,,,,
surname,Lysenko,Ukraine,,,,,,,,,,,,,,,,,,,,
surname,MacDonald,Scotland,,,,,,,,,,,,,,,,,,,,
surname,MacKenzie,Scotland,,,,,,,,,,,,,,,,,,,,
surname,Magennis,Northern Ireland,,,,,,,,,,,,,,,,,,,,
surname,Magi,Estonia,,,,,,,,,,,,,,,,,,,,
surname,Magnusson,Iceland,,,,,,,,,,,,,,,,,,,,
surname,Magro,Malta,,,,,,,,,,,,,,,,,,,,
surname,Maguire,Republic of Ireland,,,,,,,,,,,,,,,,,,,,
surname,Maier,Austria,Germany,Liechtenstein,,,,,,,,,,,,,,,,,,
surname,Maisuradze,Georgia,,,,,,,,,,,,,,,,,,,,
surname,Majerus,Luxembourg,,,,,,,,,,,,,,,,,,,,
surname,Majewski,Poland,,,,,,,,,,,,,,,,,,,,
surname,Makarov,Russia,,,,,,,,,,,,,,,,,,,,
surname,Makela,Finland,,,,,,,,,,,,,,,,,,,,
surname,Makinen,Finland,,,,,,,,,,,,,,,,,,,,
surname,Makris,Cyprus,Greece,,,,,,,,,,,,,,,,,,,
surname,Malaj,Albania,Kosovo,,,,,,,,,,,,,,,,,,,
surname,Malinouski,Belarus,,,,,,,,,,,,,,,,,,,,
surname,Malinovskyi,Ukraine,,,,,,,,,,,,,,,,,,,,
surname,Malinowski,Poland,,,,,,,,,,,,,,,,,,,,
surname,Malka,Israel,,,,,,,,,,,,,,,,,,,,
surname,Malyshev,Russia,,,,,,,,,,,,,,,,,,,,
surname,Mamardashvili,Georgia,,,,,,,,,,,,,,,,,,,,
surname,Mammadov,Azerbaijan,,,,,,,,,,,,,,,,,,,,
surname,Mancini,Italy,San Marino,,,,,,,,,,,,,,,,,,,
surname,Manninen,Finland,,,,,,,,,,,,,,,,,,,,
surname,Manolas,Cyprus,Greece,,,,,,,,,,,,,,,,,,,
surname,Manukyan,Armenia,,,,,,,,,,,,,,,,,,,,
surname,Marchenko,Ukraine,,,,,,,,,,,,,,,,,,,,
surname,Marchetti,Italy,San Marino,,,,,,,,,,,,,,,,,,,
surname,Marek,Czechia,,,,,,,,,,,,,,,,,,,,
surname,Mariani,Italy,San Marino,,,,,,,,,,,,,,,,,,,
surname,Maric,Bosnia,Croatia,,,,,,,,,,,,,,,,,,,
surname,Marin,Moldova,Romania,,,,,,,,,,,,,,,,,,,
surname,Marino,Italy,San Marino,,,,,,,,,,,,,,,,,,,
surname,Marinov,Bulgaria,North Macedonia,,,,,,,,,,,,,,,,,,,
surname,Markovic,Croatia,Montenegro,Serbia,,,,,,,,,,,,,,,,,,
surname,Markovski,North Macedonia,,,,,,,,,,,,,,,,,,,,
surname,Marozau,Belarus,,,,,,,,,,,,,,,,,,,,
surname,Marques,Portugal,,,,,,,,,,,,,,,,,,,,
surname,Marshall,England,Gibraltar,Scotland,,,,,,,,,,,,,,,,,,
surname,Martens,Belgium,Netherlands,,,,,,,,,,,,,,,,,,,
surname,Martin,Andorra,France,Germany,Gibraltar,Monaco,Spain,,,,,,,,,,,,,,,
surname,Martinez,Andorra,Gibraltar,Spain,,,,,,,,,,,,,,,,,,
surname,Martini,Italy,San Marino,,,,,,,,,,,,,,,,,,,
surname,Martins,Luxembourg,,,,,,,,,,,,,,,,,,,,
surname,Marusic,Montenegro,,,,,,,,,,,,,,,,,,,,
surname,Mason,England,Gibraltar,,,,,,,,,,,,,,,,,,,
surname,Matei,Moldova,Romania,,,,,,,,,,,,,,,,,,,
surname,Matic,Croatia,,,,,,,,,,,,,,,,,,,,
surname,Mattila,Finland,,,,,,,,,,,,,,,,,,,,
surname,Mattsson,Sweden,,,,,,,,,,,,,,,,,,,,
surname,Mavropoulos,Cyprus,Greece,,,,,,,,,,,,,,,,,,,
surname,May,England,Gibraltar,,,,,,,,,,,,,,,,,,,
surname,Mayer,Austria,Germany,Liechtenstein,,,,,,,,,,,,,,,,,,
surname,Mazurek,Poland,,,,,,,,,,,,,,,,,,,,
surname,McAuley,Northern Ireland,,,,,,,,,,,,,,,,,,,,
surname,McBride,Northern Ireland,,,,,,,,,,,,,,,,,,,,
surname,McCann,Northern Ireland,,,,,,,,,,,,,,,,,,,,
surname,McCarthy,Republic of Ireland,,,,,,,,,,,,,,,,,,,,
surname,McGinn,Northern Ireland,,,,,,,,,,,,,,,,,,,,
surname,McGovern,Northern Ireland,,,,,,,,,,,,,,,,,,,,
surname,McGregor,Scotland,,,,,,,,,,,,,,,,,,,,
surname,McLaughlin,Northern Ireland,,,,,,,,,,,,,,,,,,,,
surname,McLean,Scotland,,,,,,,,,,,,,,,,,,,,
surname,McLoughlin,Republic of Ireland,,,,,,,,,,,,,,,,,,,,
surname,McNair,Northern Ireland,,,,,,,,,,,,,,,,,,,,
surname,Medina,Andorra,Gibraltar,Spain,,,,,,,,,,,,,,,,,,
surname,Medunjanin,Bosnia,,,,,,,,,,,,,,,,,,,,
surname,Medvedev,Russia,,,,,,,,,,,,,,,,,,,,
surname,Meier,Germany,Liechtenstein,Switzerland,,,,,,,,,,,,,,,,,,
surname,Meijer,Netherlands,,,,,,,,,,,,,,,,,,,,
surname,Melkadze,Georgia,,,,,,,,,,,,,,,,,,,,
surname,Melkonyan,Armenia,,,,,,,,,,,,,,,,,,,,
surname,Melnik,Belarus,,,,,,,,,,,,,,,,,,,,
surname,Melnikov,Russia,,,,,,,,,,,,,,,,,,,,
surname,Melnis,Latvia,,,,,,,,,,,,,,,,,,,,
surname,Melnyk,Ukraine,,,,,,,,,,,,,,,,,,,,
surname,Memisevic,Bosnia,,,,,,,,,,,,,,,,,,,,
surname,Menachem,Israel,,,,,,,,,,,,,,,,,,,,
surname,Mendes,Portugal,,,,,,,,,,,,,,,,,,,,
surname,Meredith,Wales,,,,,,,,,,,,,,,,,,,,
surname,Meszaros,Hungary,,,,,,,,,,,,,,,,,,,,
surname,Meta,Albania,Kosovo,,,,,,,,,,,,,,,,,,,
surname,Mets,Estonia,,,,,,,,,,,,,,,,,,,,
surname,Meyer,Germany,,,,,,,,,,,,,,,,,,,,
surname,Meyers,Luxembourg,,,,,,,,,,,,,,,,,,,,
surname,Micallef,Malta,,,,,,,,,,,,,,,,,,,,
surname,Micevski,North Macedonia,,,,,,,,,,,,,,,,,,,,
surname,Michael,Cyprus,,,,,,,,,,,,,,,,,,,,
surname,Michalski,Poland,,,,,,,,,,,,,,,,,,,,
surname,Mifsud,Malta,,,,,,,,,,,,,,,,,,,,
surname,Mihalik,Slovakia,,,,,,,,,,,,,,,,,,,,
surname,Mihaylov,Bulgaria,North Macedonia,,,,,,,,,,,,,,,,,,,
surname,Mijatovic,Montenegro,,,,,,,,,,,,,,,,,,,,
surname,Mikalauskas,Lithuania,,,,,,,,,,,,,,,,,,,,
surname,Mikkelsen,Denmark,Faroe Islands,,,,,,,,,,,,,,,,,,,
surname,Mikula,Slovakia,,,,,,,,,,,,,,,,,,,,
surname,Milic,Montenegro,Serbia,,,,,,,,,,,,,,,,,,,
surname,Milosevic,Montenegro,Serbia,,,,,,,,,,,,,,,,,,,
surname,Milovanovic,Montenegro,Serbia,,,,,,,,,,,,,,,,,,,
surname,Minasyan,Armenia,,,,,,,,,,,,,,,,,,,,
surname,Mironov,Russia,,,,,,,,,,,,,,,,,,,,
surname,Mirzayev,Azerbaijan,,,,,,,,,,,,,,,,,,,,
surname,Mitrevski,North Macedonia,,,,,,,,,,,,,,,,,,,,
surname,Mitrovic,Montenegro,Serbia,,,,,,,,,,,,,,,,,,,
surname,Mizrahi,Israel,,,,,,,,,,,,,,,,,,,,
surname,Mkrtchyan,Armenia,,,,,,,,,,,,,,,,,,,,
surname,Mlakar,Slovenia,,,,,,,,,,,,,,,,,,,,
surname,Modric,Croatia,,,,,,,,,,,,,,,,,,,,
surname,Moen,Norway,,,,,,,,,,,,,,,,,,,,
surname,Molina,Andorra,Gibraltar,Spain,,,,,,,,,,,,,,,,,,
surname,Moller,Denmark,,,,,,,,,,,,,,,,,,,,
surname,Molnar,Hungary,Slovakia,,,,,,,,,,,,,,,,,,,
surname,Montero,Andorra,Gibraltar,Spain,,,,,,,,,,,,,,,,,,
surname,Montes,Andorra,Gibraltar,Spain,,,,,,,,,,,,,,,,,,
surname,Monti,Italy,San Marino,,,,,,,,,,,,,,,,,,,
surname,Moore,England,Gibraltar,Republic of Ireland,,,,,,,,,,,,,,,,,,
surname,Moraitis,Cyprus,Greece,,,,,,,,,,,,,,,,,,,
surname,Morales,Andorra,Gibraltar,Spain,,,,,,,,,,,,,,,,,,
surname,Moreno,Andorra,Gibraltar,Spain,,,,,,,,,,,,,,,,,,
surname,Moretti,Italy,San Marino,,,,,,,,,,,,,,,,,,,
surname,Morgan,Wales,,,,,,,,,,,,,,,,,,,,
surname,Morina,Kosovo,,,,,,,,,,,,,,,,,,,,
surname,Moroz,Ukraine,,,,,,,,,,,,,,,,,,,,
surname,Morozov,Russia,,,,,,,,,,,,,,,,,,,,
surname,Morris,England,Gibraltar,Wales,,,,,,,,,,,,,,,,,,
surname,Mortensen,Faroe Islands,,,,,,,,,,,,,,,,,,,,
surname,Movsisyan,Armenia,,,,,,,,,,,,,,,,,,,,
surname,Muca,Albania,Kosovo,,,,,,,,,,,,,,,,,,,
surname,Mudryk,Ukraine,,,,,,,,,,,,,,,,,,,,
surname,Mujic,Bosnia,,,,,,,,,,,,,,,,,,,,
surname,Mulder,Netherlands,,,,,,,,,,,,,,,,,,,,
surname,Mulgrew,Northern Ireland,,,,,,,,,,,,,,,,,,,,
surname,Muller,Austria,Germany,Liechtenstein,Switzerland,,,,,,,,,,,,,,,,,
surname,Munteanu,Moldova,Romania,,,,,,,,,,,,,,,,,,,
surname,Muradyan,Armenia,,,,,,,,,,,,,,,,,,,,
surname,Muratov,Kazakhstan,,,,,,,,,,,,,,,,,,,,
surname,Muriqi,Kosovo,,,,,,,,,,,,,,,,,,,,
surname,Murphy,Northern Ireland,Republic of Ireland,,,,,,,,,,,,,,,,,,,
surname,Murray,Republic of Ireland,,,,,,,,,,,,,,,,,,,,
surname,Muscat,Malta,,,,,,,,,,,,,,,,,,,,
surname,Music,Bosnia,,,,,,,,,,,,,,,,,,,,
surname,Mustafayev,Azerbaijan,,,,,,,,,,,,,,,,,,,,
surname,Nabiyev,Azerbaijan,,,,,,,,,,,,,,,,,,,,
surname,Nadiradze,Georgia,,,,,,,,,,,,,,,,,,,,
surname,Nagy,Hungary,Slovakia,,,,,,,,,,,,,,,,,,,
surname,Nasirov,Azerbaijan,,,,,,,,,,,,,,,,,,,,
surname,Natcho,Israel,,,,,,,,,,,,,,,,,,,,
surname,Nattestad,Faroe Islands,,,,,,,,,,,,,,,,,,,,
surname,Naumovski,North Macedonia,,,,,,,,,,,,,,,,,,,,
surname,Navarro,Andorra,Gibraltar,Spain,,,,,,,,,,,,,,,,,,
surname,Navickas,Lithuania,,,,,,,,,,,,,,,,,,,,
surname,Navratil,Czechia,,,,,,,,,,,,,,,,,,,,
surname,Nazarov,Russia,,,,,,,,,,,,,,,,,,,,
surname,Nazaryan,Armenia,,,,,,,,,,,,,,,,,,,,
surname,Nedelchev,Bulgaria,North Macedonia,,,,,,,,,,,,,,,,,,,
surname,Nedelcu,Moldova,Romania,,,,,,,,,,,,,,,,,,,
surname,Negru,Moldova,,,,,,,,,,,,,,,,,,,,
surname,Neimanis,Latvia,,,,,,,,,,,,,,,,,,,,
surname,Nekrasov,Russia,,,,,,,,,,,,,,,,,,,,
surname,Nemec,Czechia,,,,,,,,,,,,,,,,,,,,
surname,Nemeth,Hungary,,,,,,,,,,,,,,,,,,,,
surname,Neophytou,Cyprus,,,,,,,,,,,,,,,,,,,,
surname,Nersisyan,Armenia,,,,,,,,,,,,,,,,,,,,
surname,Nesterenka,Belarus,,,,,,,,,,,,,,,,,,,,
surname,Neto,Portugal,,,,,,,,,,,,,,,,,,,,
surname,Neumann,Germany,,,,,,,,,,,,,,,,,,,,
surname,Newton,England,Gibraltar,,,,,,,,,,,,,,,,,,,
surname,Nicholson,England,Gibraltar,Scotland,,,,,,,,,,,,,,,,,,
surname,Nicolas,Belgium,France,Monaco,,,,,,,,,,,,,,,,,,
surname,Nielsen,Denmark,Faroe Islands,,,,,,,,,,,,,,,,,,,
surname,Niemi,Finland,,,,,,,,,,,,,,,,,,,,
surname,Nieminen,Finland,,,,,,,,,,,,,,,,,,,,
surname,Nikcevic,Montenegro,,,,,,,,,,,,,,,,,,,,
surname,Nikitin,Russia,,,,,,,,,,,,,,,,,,,,
surname,Nikolaidis,Cyprus,Greece,,,,,,,,,,,,,,,,,,,
surname,Nikolaou,Cyprus,Greece,,,,,,,,,,,,,,,,,,,
surname,Nikolic,Montenegro,Serbia,,,,,,,,,,,,,,,,,,,
surname,Nikolla,Albania,Kosovo,,,,,,,,,,,,,,,,,,,
surname,Nikolov,Bulgaria,North Macedonia,,,,,,,,,,,,,,,,,,,
surname,Nikolovski,North Macedonia,,,,,,,,,,,,,,,,,,,,
surname,Nilles,Luxembourg,,,,,,,,,,,,,,,,,,,,
surname,Nilsson,Sweden,,,,,,,,,,,,,,,,,,,,
surname,Nissim,Israel,,,,,,,,,,,,,,,,,,,,
surname,Nistor,Moldova,Romania,,,,,,,,,,,,,,,,,,,
surname,Noble,England,Gibraltar,,,,,,,,,,,,,,,,,,,
surname,Noel,Belgium,France,Monaco,,,,,,,,,,,,,,,,,,
surname,Nogueira,Portugal,,,,,,,,,,,,,,,,,,,,
surname,Nolan,Republic of Ireland,,,,,,,,,,,,,,,,,,,,
surname,Nordlund,Sweden,,,,,,,,,,,,,,,,,,,,
surname,Nordstrom,Sweden,,,,,,,,,,,,,,,,,,,,
surname,Norkus,Lithuania,,,,,,,,,,,,,,,,,,,,
surname,Norwood,Northern Ireland,,,,,,,,,,,,,,,,,,,,
surname,Novak,Croatia,Czechia,Slovakia,Slovenia,,,,,,,,,,,,,,,,,
surname,Novakovic,Montenegro,Serbia,Slovenia,,,,,,,,,,,,,,,,,,
surname,Novik,Belarus,,,,,,,,,,,,,,,,,,,,
surname,Novikov,Russia,,,,,,,,,,,,,,,,,,,,
surname,Novotny,Czechia,Slovakia,,,,,,,,,,,,,,,,,,,
surname,Novruzov,Azerbaijan,,,,,,,,,,,,,,,,,,,,
surname,Nowak,Germany,Poland,,,,,,,,,,,,,,,,,,,
surname,Nowakowski,Poland,,,,,,,,,,,,,,,,,,,,
surname,Nunes,Portugal,,,,,,,,,,,,,,,,,,,,
surname,Nurgaliyev,Kazakhstan,,,,,,,,,,,,,,,,,,,,
surname,Nurk,Estonia,,,,,,,,,,,,,,,,,,,,
surname,Nurmagambetov,Kazakhstan,,,,,,,,,,,,,,,,,,,,
surname,Nurpeisov,Kazakhstan,,,,,,,,,,,,,,,,,,,,
surname,Nyberg,Sweden,,,,,,,,,,,,,,,,,,,,
surname,Nygaard,Denmark,Norway,,,,,,,,,,,,,,,,,,,
surname,Nystrom,Sweden,,,,,,,,,,,,,,,,,,,,
surname,O'Brien,Republic of Ireland,,,,,,,,,,,,,,,,,,,,
surname,O'Callaghan,Republic of Ireland,,,,,,,,,,,,,,,,,,,,
surname,O'Connell,Republic of Ireland,,,,,,,,,,,,,,,,,,,,
surname,O'Connor,Republic of Ireland,,,,,,,,,,,,,,,,,,,,
surname,O'Doherty,Republic of Ireland,,,,,,,,,,,,,,,,,,,,
surname,O'Donnell,Republic of Ireland,,,,,,,,,,,,,,,,,,,,
surname,O'Neill,Republic of Ireland,,,,,,,,,,,,,,,,,,,,
surname,O'Sullivan,Republic of Ireland,,,,,,,,,,,,,,,,,,,,
surname,Oblak,Slovenia,,,,,,,,,,,,,,,,,,,,
surname,Obradovic,Montenegro,Serbia,,,,,,,,,,,,,,,,,,,
surname,Ognenovski,North Macedonia,,,,,,,,,,,,,,,,,,,,
surname,Ohana,Israel,,,,,,,,,,,,,,,,,,,,
surname,Ohanyan,Armenia,,,,,,,,,,,,,,,,,,,,
surname,Oikonomou,Cyprus,Greece,,,,,,,,,,,,,,,,,,,
surname,Oja,Estonia,,,,,,,,,,,,,,,,,,,,
surname,Ojala,Finland,,,,,,,,,,,,,,,,,,,,
surname,Okriashvili,Georgia,,,,,,,,,,,,,,,,,,,,
surname,Olafsson,Iceland,,,,,,,,,,,,,,,,,,,,
surname,Olah,Hungary,,,,,,,,,,,,,,,,,,,,
surname,Oliveira,Portugal,,,,,,,,,,,,,,,,,,,,
surname,Olivier,Belgium,France,Monaco,,,,,,,,,,,,,,,,,,
surname,Oliynyk,Ukraine,,,,,,,,,,,,,,,,,,,,
surname,Olsen,Denmark,Faroe Islands,Norway,,,,,,,,,,,,,,,,,,
surname,Olsson,Sweden,,,,,,,,,,,,,,,,,,,,
surname,Omarov,Kazakhstan,,,,,,,,,,,,,,,,,,,,
surname,Oprea,Moldova,Romania,,,,,,,,,,,,,,,,,,,
surname,Origer,Luxembourg,,,,,,,,,,,,,,,,,,,,
surname,Orlov,Russia,,,,,,,,,,,,,,,,,,,,
surname,Ortega,Andorra,Gibraltar,Spain,,,,,,,,,,,,,,,,,,
surname,Ortiz,Andorra,Gibraltar,Spain,,,,,,,,,,,,,,,,,,
surname,Orujov,Azerbaijan,,,,,,,,,,,,,,,,,,,,
surname,Osborne,England,Gibraltar,,,,,,,,,,,,,,,,,,,
surname,Osipov,Russia,,,,,,,,,,,,,,,,,,,,
surname,Osis,Latvia,,,,,,,,,,,,,,,,,,,,
surname,Oskarsson,Iceland,,,,,,,,,,,,,,,,,,,,
surname,Osmani,Albania,Kosovo,,,,,,,,,,,,,,,,,,,
surname,Osmanovic,Bosnia,,,,,,,,,,,,,,,,,,,,
surname,Ots,Estonia,,,,,,,,,,,,,,,,,,,,
surname,Owen,Wales,,,,,,,,,,,,,,,,,,,,
surname,Ozcan,Turkey,,,,,,,,,,,,,,,,,,,,
surname,Ozdemir,Turkey,,,,,,,,,,,,,,,,,,,,
surname,Ozolins,Latvia,,,,,,,,,,,,,,,,,,,,
surname,Ozols,Latvia,,,,,,,,,,,,,,,,,,,,
surname,Ozturk,Turkey,,,,,,,,,,,,,,,,,,,,
surname,Pace,Malta,,,,,,,,,,,,,,,,,,,,
surname,Pacheco,Portugal,,,,,,,,,,,,,,,,,,,,
surname,Paju,Estonia,,,,,,,,,,,,,,,,,,,,
surname,Palmer,England,Gibraltar,,,,,,,,,,,,,,,,,,,
surname,Palsson,Iceland,,,,,,,,,,,,,,,,,,,,
surname,Palumbo,Italy,San Marino,,,,,,,,,,,,,,,,,,,
surname,Panagiotou,Cyprus,Greece,,,,,,,,,,,,,,,,,,,
surname,Panahov,Azerbaijan,,,,,,,,,,,,,,,,,,,,
surname,Pandev,North Macedonia,,,,,,,,,,,,,,,,,,,,
surname,Panov,Russia,,,,,,,,,,,,,,,,,,,,
surname,Papadakis,Cyprus,Greece,,,,,,,,,,,,,,,,,,,
surname,Papadopoulos,Cyprus,Greece,,,,,,,,,,,,,,,,,,,
surname,Papageorgiou,Cyprus,Greece,,,,,,,,,,,,,,,,,,,
surname,Papanikolaou,Cyprus,Greece,,,,,,,,,,,,,,,,,,,
surname,Papp,Hungary,,,,,,,,,,,,,,,,,,,,
surname,Pappas,Cyprus,Greece,,,,,,,,,,,,,,,,,,,
surname,Parisi,Italy,San Marino,,,,,,,,,,,,,,,,,,,
surname,Parker,England,Gibraltar,,,,,,,,,,,,,,,,,,,
surname,Parn,Estonia,,,,,,,,,,,,,,,,,,,,
surname,Pasha,Albania,Kosovo,,,,,,,,,,,,,,,,,,,
surname,Pashkevich,Belarus,,,,,,,,,,,,,,,,,,,,
surname,Pastor,Andorra,Gibraltar,Spain,,,,,,,,,,,,,,,,,,
surname,Paterson,Northern Ireland,,,,,,,,,,,,,,,,,,,,
surname,Paulauskas,Lithuania,,,,,,,,,,,,,,,,,,,,
surname,Pavic,Croatia,,,,,,,,,,,,,,,,,,,,
surname,Pavlou,Cyprus,,,,,,,,,,,,,,,,,,,,
surname,Pavlov,Bulgaria,North Macedonia,Russia,,,,,,,,,,,,,,,,,,
surname,Pavlovic,Croatia,Montenegro,Serbia,,,,,,,,,,,,,,,,,,
surname,Pawlak,Poland,,,,,,,,,,,,,,,,,,,,
surname,Pedersen,Denmark,Norway,,,,,,,,,,,,,,,,,,,
surname,Peeters,Netherlands,,,,,,,,,,,,,,,,,,,,
surname,Pejovic,Montenegro,,,,,,,,,,,,,,,,,,,,
surname,Pellegrini,Italy,San Marino,,,,,,,,,,,,,,,,,,,
surname,Pereira,Luxembourg,Portugal,,,,,,,,,,,,,,,,,,,
surname,Peretz,Israel,,,,,,,,,,,,,,,,,,,,
surname,Perez,Andorra,Gibraltar,Spain,,,,,,,,,,,,,,,,,,
surname,Peric,Croatia,Montenegro,Serbia,,,,,,,,,,,,,,,,,,
surname,Perisic,Croatia,,,,,,,,,,,,,,,,,,,,
surname,Perovic,Montenegro,,,,,,,,,,,,,,,,,,,,
surname,Persson,Sweden,,,,,,,,,,,,,,,,,,,,
surname,Pesonen,Finland,,,,,,,,,,,,,,,,,,,,
surname,Peters,Germany,Netherlands,,,,,,,,,,,,,,,,,,,
surname,Petersen,Denmark,Faroe Islands,,,,,,,,,,,,,,,,,,,
surname,Petersons,Latvia,,,,,,,,,,,,,,,,,,,,
surname,Petkov,Bulgaria,North Macedonia,,,,,,,,,,,,,,,,,,,
surname,Petrauskas,Lithuania,,,,,,,,,,,,,,,,,,,,
surname,Petrenko,Ukraine,,,,,,,,,,,,,,,,,,,,
surname,Petridis,Cyprus,Greece,,,,,,,,,,,,,,,,,,,
surname,Petrosyan,Armenia,,,,,,,,,,,,,,,,,,,,
surname,Petrov,Belarus,Bulgaria,North Macedonia,Russia,,,,,,,,,,,,,,,,,
surname,Petrovic,Croatia,Montenegro,Serbia,,,,,,,,,,,,,,,,,,
surname,Petrovski,North Macedonia,,,,,,,,,,,,,,,,,,,,
surname,Petry,Luxembourg,,,,,,,,,,,,,,,,,,,,
surname,Petursson,Iceland,,,,,,,,,,,,,,,,,,,,
surname,Pfeiffer,Germany,,,,,,,,,,,,,,,,,,,,
surname,Phillips,England,Gibraltar,Wales,,,,,,,,,,,,,,,,,,
surname,Piatrouski,Belarus,,,,,,,,,,,,,,,,,,,,
surname,Pinto,Portugal,,,,,,,,,,,,,,,,,,,,
surname,Piotrowski,Poland,,,,,,,,,,,,,,,,,,,,
surname,Pjanic,Bosnia,,,,,,,,,,,,,,,,,,,,
surname,Pociunas,Lithuania,,,,,,,,,,,,,,,,,,,,
surname,Poghosyan,Armenia,,,,,,,,,,,,,,,,,,,,
surname,Pokorny,Czechia,,,,,,,,,,,,,,,,,,,,
surname,Polat,Turkey,,,,,,,,,,,,,,,,,,,,
surname,Poliak,Slovakia,,,,,,,,,,,,,,,,,,,,
surname,Polishchuk,Ukraine,,,,,,,,,,,,,,,,,,,,
surname,Polyakov,Russia,,,,,,,,,,,,,,,,,,,,
surname,Pop,Moldova,Romania,,,,,,,,,,,,,,,,,,,
surname,Popa,Moldova,Romania,,,,,,,,,,,,,,,,,,,
surname,Popescu,Moldova,Romania,,,,,,,,,,,,,,,,,,,
surname,Popov,Russia,,,,,,,,,,,,,,,,,,,,
surname,Popovic,Croatia,Montenegro,Serbia,,,,,,,,,,,,,,,,,,
surname,Portelli,Malta,,,,,,,,,,,,,,,,,,,,
surname,Porter,England,Gibraltar,,,,,,,,,,,,,,,,,,,
surname,Pospisil,Czechia,,,,,,,,,,,,,,,,,,,,
surname,Postica,Moldova,,,,,,,,,,,,,,,,,,,,
surname,Potocnik,Slovenia,,,,,,,,,,,,,,,,,,,,
surname,Powell,Wales,,,,,,,,,,,,,,,,,,,,
surname,Price,Wales,,,,,,,,,,,,,,,,,,,,
surname,Prichard,Wales,,,,,,,,,,,,,,,,,,,,
surname,Priede,Latvia,,,,,,,,,,,,,,,,,,,,
surname,Prieto,Andorra,Gibraltar,Spain,,,,,,,,,,,,,,,,,,
surname,Prifti,Albania,Kosovo,,,,,,,,,,,,,,,,,,,
surname,Prochazka,Czechia,,,,,,,,,,,,,,,,,,,,
surname,Prokhorov,Russia,,,,,,,,,,,,,,,,,,,,
surname,Pugh,Wales,,,,,,,,,,,,,,,,,,,,
surname,Pukki,Finland,,,,,,,,,,,,,,,,,,,,
surname,Puusepp,Estonia,,,,,,,,,,,,,,,,,,,,
surname,Qazaishvili,Georgia,,,,,,,,,,,,,,,,,,,,
surname,Quinn,Northern Ireland,Republic of Ireland,,,,,,,,,,,,,,,,,,,
surname,Quliyev,Azerbaijan,,,,,,,,,,,,,,,,,,,,
surname,Rabtsau,Belarus,,,,,,,,,,,,,,,,,,,,
surname,Racu,Moldova,,,,,,,,,,,,,,,,,,,,
surname,Racz,Hungary,,,,,,,,,,,,,,,,,,,,
surname,Radev,Bulgaria,North Macedonia,,,,,,,,,,,,,,,,,,,
surname,Radic,Croatia,,,,,,,,,,,,,,,,,,,,
surname,Radovanovic,Montenegro,Serbia,,,,,,,,,,,,,,,,,,,
surname,Radovic,Montenegro,Serbia,,,,,,,,,,,,,,,,,,,
surname,Radu,Moldova,Romania,,,,,,,,,,,,,,,,,,,
surname,Radulescu,Moldova,Romania,,,,,,,,,,,,,,,,,,,
surname,Radulovic,Montenegro,,,,,,,,,,,,,,,,,,,,
surname,Ragnarsson,Iceland,,,,,,,,,,,,,,,,,,,,
surname,Raicevic,Montenegro,,,,,,,,,,,,,,,,,,,,
surname,Rakhimov,Kazakhstan,,,,,,,,,,,,,,,,,,,,
surname,Rakic,Montenegro,Serbia,,,,,,,,,,,,,,,,,,,
surname,Rakitic,Croatia,,,,,,,,,,,,,,,,,,,,
surname,Rama,Albania,Kosovo,,,,,,,,,,,,,,,,,,,
surname,Ramadani,Kosovo,,,,,,,,,,,,,,,,,,,,
surname,Ramanauskas,Lithuania,,,,,,,,,,,,,,,,,,,,
surname,Ramazanov,Azerbaijan,,,,,,,,,,,,,,,,,,,,
surname,Ramirez,Andorra,Gibraltar,Spain,,,,,,,,,,,,,,,,,,
surname,Ramos,Andorra,Gibraltar,Portugal,Spain,,,,,,,,,,,,,,,,,
surname,Rand,Estonia,,,,,,,,,,,,,,,,,,,,
surname,Rantanen,Finland,,,,,,,,,,,,,,,,,,,,
surname,Raptis,Cyprus,Greece,,,,,,,,,,,,,,,,,,,
surname,Rasanen,Finland,,,,,,,,,,,,,,,,,,,,
surname,Rasmussen,Denmark,Faroe Islands,,,,,,,,,,,,,,,,,,,
surname,Raudsepp,Estonia,,,,,,,,,,,,,,,,,,,,
surname,Rebane,Estonia,,,,,,,,,,,,,,,,,,,,
surname,Reding,Luxembourg,,,,,,,,,,,,,,,,,,,,
surname,Rees,Wales,,,,,,,,,,,,,,,,,,,,
surname,Refaelov,Israel,,,,,,,,,,,,,,,,,,,,
surname,Reid,Northern Ireland,Scotland,,,,,,,,,,,,,,,,,,,
surname,Reilly,Republic of Ireland,,,,,,,,,,,,,,,,,,,,
surname,Reis,Portugal,,,,,,,,,,,,,,,,,,,,
surname,Renard,Belgium,France,Monaco,,,,,,,,,,,,,,,,,,
surname,Reuter,Luxembourg,,,,,,,,,,,,,,,,,,,,
surname,Rexha,Albania,Kosovo,,,,,,,,,,,,,,,,,,,
surname,Ribeiro,Portugal,,,,,,,,,,,,,,,,,,,,
surname,Ricci,Italy,San Marino,,,,,,,,,,,,,,,,,,,
surname,Richardson,England,Gibraltar,,,,,,,,,,,,,,,,,,,
surname,Richter,Germany,,,,,,,,,,,,,,,,,,,,
surname,Rimkus,Lithuania,,,,,,,,,,,,,,,,,,,,
surname,Rinaldi,Italy,San Marino,,,,,,,,,,,,,,,,,,,
surname,Ringstad,Norway,,,,,,,,,,,,,,,,,,,,
surname,Ristic,Montenegro,Serbia,,,,,,,,,,,,,,,,,,,
surname,Ristovski,North Macedonia,,,,,,,,,,,,,,,,,,,,
surname,Rizzo,Italy,San Marino,,,,,,,,,,,,,,,,,,,
surname,Roberts,Wales,,,,,,,,,,,,,,,,,,,,
surname,Robertson,Scotland,,,,,,,,,,,,,,,,,,,,
surname,Rocha,Portugal,,,,,,,,,,,,,,,,,,,,
surname,Rodrigues,Luxembourg,Portugal,,,,,,,,,,,,,,,,,,,
surname,Rodriguez,Andorra,Gibraltar,Spain,,,,,,,,,,,,,,,,,,
surname,Rohtla,Estonia,,,,,,,,,,,,,,,,,,,,
surname,Rojas,Andorra,Gibraltar,Spain,,,,,,,,,,,,,,,,,,
surname,Romano,Italy,San Marino,,,,,,,,,,,,,,,,,,,
surname,Romanov,Russia,,,,,,,,,,,,,,,,,,,,
surname,Romero,Andorra,Gibraltar,Spain,,,,,,,,,,,,,,,,,,
surname,Rosenberg,Sweden,,,,,,,,,,,,,,,,,,,,
surname,Rossi,Italy,San Marino,,,,,,,,,,,,,,,,,,,
surname,Roth,Germany,Liechtenstein,Switzerland,,,,,,,,,,,,,,,,,,
surname,Rowlands,Wales,,,,,,,,,,,,,,,,,,,,
surname,Rozitis,Latvia,,,,,,,,,,,,,,,,,,,,
surname,Rozman,Slovenia,,,,,,,,,,,,,,,,,,,,
surname,Rrahmani,Kosovo,,,,,,,,,,,,,,,,,,,,
surname,Rubio,Andorra,Gibraltar,Spain,,,,,,,,,,,,,,,,,,
surname,Rudenko,Ukraine,,,,,,,,,,,,,,,,,,,,
surname,Ruiz,Andorra,Gibraltar,Spain,,,,,,,,,,,,,,,,,,
surname,Russell,Scotland,,,,,,,,,,,,,,,,,,,,
surname,Russo,Italy,San Marino,,,,,,,,,,,,,,,,,,,
surname,Rusu,Moldova,Romania,,,,,,,,,,,,,,,,,,,
surname,Rutkowski,Poland,,,,,,,,,,,,,,,,,,,,
surname,Ruud,Norway,,,,,,,,,,,,,,,,,,,,
surname,Ruzicka,Czechia,,,,,,,,,,,,,,,,,,,,
surname,Ryan,Republic of Ireland,,,,,,,,,,,,,,,,,,,,
surname,Rybakov,Russia,,,,,,,,,,,,,,,,,,,,
surname,Rzayev,Azerbaijan,,,,,,,,,,,,,,,,,,,,
surname,Sa,Portugal,,,,,,,,,,,,,,,,,,,,
surname,Saar,Estonia,,,,,,,,,,,,,,,,,,,,
surname,Saarinen,Finland,,,,,,,,,,,,,,,,,,,,
surname,Sadigov,Azerbaijan,,,,,,,,,,,,,,,,,,,,
surname,Sadiku,Albania,Kosovo,,,,,,,,,,,,,,,,,,,
surname,Sadykov,Kazakhstan,,,,,,,,,,,,,,,,,,,,
surname,Safarov,Azerbaijan,,,,,,,,,,,,,,,,,,,,
surname,Safonov,Russia,,,,,,,,,,,,,,,,,,,,
surname,Sagatov,Kazakhstan,,,,,,,,,,,,,,,,,,,,
surname,Sahakyan,Armenia,,,,,,,,,,,,,,,,,,,,
surname,Sahin,Turkey,,,,,,,,,,,,,,,,,,,,
surname,Sakalauskas,Lithuania,,,,,,,,,,,,,,,,,,,,
surname,Sakalouski,Belarus,,,,,,,,,,,,,,,,,,,,
surname,Sakellariou,Cyprus,Greece,,,,,,,,,,,,,,,,,,,
surname,Salahov,Azerbaijan,,,,,,,,,,,,,,,,,,,,
surname,Salazar,Andorra,Gibraltar,Spain,,,,,,,,,,,,,,,,,,
surname,Salihovic,Bosnia,,,,,,,,,,,,,,,,,,,,
surname,Salminen,Finland,,,,,,,,,,,,,,,,,,,,
surname,Salo,Finland,,,,,,,,,,,,,,,,,,,,
surname,Salomonsson,Sweden,,,,,,,,,,,,,,,,,,,,
surname,Salonen,Finland,,,,,,,,,,,,,,,,,,,,
surname,Samaras,Cyprus,Greece,,,,,,,,,,,,,,,,,,,
surname,Sammut,Malta,,,,,,,,,,,,,,,,,,,,
surname,Samuelsen,Faroe Islands,,,,,,,,,,,,,,,,,,,,
surname,Sanchez,Andorra,Gibraltar,Spain,,,,,,,,,,,,,,,,,,
surname,Sandberg,Sweden,,,,,,,,,,,,,,,,,,,,
surname,Sandu,Moldova,Romania,,,,,,,,,,,,,,,,,,,
surname,Sandvik,Norway,,,,,,,,,,,,,,,,,,,,
surname,Sanna,Italy,San Marino,,,,,,,,,,,,,,,,,,,
surname,Santana,Andorra,Gibraltar,Portugal,Spain,,,,,,,,,,,,,,,,,
surname,Santoro,Italy,San Marino,,,,,,,,,,,,,,,,,,,
surname,Santos,Andorra,Gibraltar,Portugal,Spain,,,,,,,,,,,,,,,,,
surname,Sarapuu,Estonia,,,,,,,,,,,,,,,,,,,,
surname,Sargsyan,Armenia,,,,,,,,,,,,,,,,,,,,
surname,Sari,Turkey,,,,,,,,,,,,,,,,,,,,
surname,Saric,Croatia,,,,,,,,,,,,,,,,,,,,
surname,Sarsenov,Kazakhstan,,,,,,,,,,,,,,,,,,,,
surname,Sauchanka,Belarus,,,,,,,,,,,,,,,,,,,,
surname,Savchenko,Ukraine,,,,,,,,,,,,,,,,,,,,
surname,Savic,Montenegro,Serbia,,,,,,,,,,,,,,,,,,,
surname,Savicevic,Montenegro,,,,,,,,,,,,,,,,,,,,
surname,Saville,Northern Ireland,,,,,,,,,,,,,,,,,,,,
surname,Savin,Russia,,,,,,,,,,,,,,,,,,,,
surname,Savolainen,Finland,,,,,,,,,,,,,,,,,,,,
surname,Scekic,Montenegro,,,,,,,,,,,,,,,,,,,,
surname,Scepanovic,Montenegro,,,,,,,,,,,,,,,,,,,,
surname,Schaus,Luxembourg,,,,,,,,,,,,,,,,,,,,
surname,Schembri,Malta,,,,,,,,,,,,,,,,,,,,
surname,Schmid,Austria,Germany,Liechtenstein,Switzerland,,,,,,,,,,,,,,,,,
surname,Schmidt,Germany,,,,,,,,,,,,,,,,,,,,
surname,Schmit,Luxembourg,,,,,,,,,,,,,,,,,,,,
surname,Schneider,Austria,Germany,Liechtenstein,Switzerland,,,,,,,,,,,,,,,,,
surname,Schroder,Germany,,,,,,,,,,,,,,,,,,,,
surname,Schroeder,Luxembourg,,,,,,,,,,,,,,,,,,,,
surname,Schubert,Austria,Germany,Liechtenstein,,,,,,,,,,,,,,,,,,
surname,Schulz,Germany,,,,,,,,,,,,,,,,,,,,
surname,Schumacher,Germany,,,,,,,,,,,,,,,,,,,,
surname,Scott,Scotland,,,,,,,,,,,,,,,,,,,,
surname,Sedlacek,Czechia,,,,,,,,,,,,,,,,,,,,
surname,Segal,Israel,,,,,,,,,,,,,,,,,,,,
surname,Seitkali,Kazakhstan,,,,,,,,,,,,,,,,,,,,
surname,Sekulic,Montenegro,,,,,,,,,,,,,,,,,,,,
surname,Sekulovski,North Macedonia,,,,,,,,,,,,,,,,,,,,
surname,Selimi,Albania,Kosovo,,,,,,,,,,,,,,,,,,,
surname,Semyonov,Russia,,,,,,,,,,,,,,,,,,,,
surname,Sepp,Estonia,,,,,,,,,,,,,,,,,,,,
surname,Serban,Moldova,Romania,,,,,,,,,,,,,,,,,,,
surname,Sergeyev,Russia,,,,,,,,,,,,,,,,,,,,
surname,Serikbayev,Kazakhstan,,,,,,,,,,,,,,,,,,,,
surname,Serra,Italy,San Marino,,,,,,,,,,,,,,,,,,,
surname,Serrano,Andorra,Gibraltar,Spain,,,,,,,,,,,,,,,,,,
surname,Sever,Slovenia,,,,,,,,,,,,,,,,,,,,
surname,Sezer,Turkey,,,,,,,,,,,,,,,,,,,,
surname,Shabtai,Israel,,,,,,,,,,,,,,,,,,,,
surname,Shala,Albania,Kosovo,,,,,,,,,,,,,,,,,,,
surname,Sharon,Israel,,,,,,,,,,,,,,,,,,,,
surname,Sharp,England,Gibraltar,Scotland,,,,,,,,,,,,,,,,,,
surname,Shehu,Albania,Kosovo,,,,,,,,,,,,,,,,,,,
surname,Shengelia,Georgia,,,,,,,,,,,,,,,,,,,,
surname,Sheridan,Republic of Ireland,,,,,,,,,,,,,,,,,,,,
surname,Shevchenko,Ukraine,,,,,,,,,,,,,,,,,,,,
surname,Shevchuk,Ukraine,,,,,,,,,,,,,,,,,,,,
surname,Shukurov,Azerbaijan,,,,,,,,,,,,,,,,,,,,
surname,Sideris,Cyprus,Greece,,,,,,,,,,,,,,,,,,,
surname,Sidorov,Russia,,,,,,,,,,,,,,,,,,,,
surname,Sigurdsson,Iceland,,,,,,,,,,,,,,,,,,,,
surname,Sigurjonsson,Iceland,,,,,,,,,,,,,,,,,,,,
surname,Sikora,Poland,,,,,,,,,,,,,,,,,,,,
surname,Sild,Estonia,,,,,,,,,,,,,,,,,,,,
surname,Sillaste,Estonia,,,,,,,,,,,,,,,,,,,,
surname,Silva,Portugal,,,,,,,,,,,,,,,,,,,,
surname,Silvestri,Italy,San Marino,,,,,,,,,,,,,,,,,,,
surname,Simeonov,Bulgaria,North Macedonia,,,,,,,,,,,,,,,,,,,
surname,Simic,Montenegro,Serbia,,,,,,,,,,,,,,,,,,,
surname,Simko,Slovakia,,,,,,,,,,,,,,,,,,,,
surname,Simkus,Lithuania,,,,,,,,,,,,,,,,,,,,
surname,Simon,France,Germany,Hungary,Luxembourg,Monaco,,,,,,,,,,,,,,,,
surname,Simonovski,North Macedonia,,,,,,,,,,,,,,,,,,,,
surname,Simonyan,Armenia,,,,,,,,,,,,,,,,,,,,
surname,Simpson,England,Gibraltar,Scotland,,,,,,,,,,,,,,,,,,
surname,Simsek,Turkey,,,,,,,,,,,,,,,,,,,,
surname,Sinclair,Scotland,,,,,,,,,,,,,,,,,,,,
surname,Sindrason,Iceland,,,,,,,,,,,,,,,,,,,,
surname,Sipila,Finland,,,,,,,,,,,,,,,,,,,,
surname,Sirbu,Moldova,,,,,,,,,,,,,,,,,,,,
surname,Sivertsen,Norway,,,,,,,,,,,,,,,,,,,,
surname,Sjoberg,Sweden,,,,,,,,,,,,,,,,,,,,
surname,Skaale,Faroe Islands,,,,,,,,,,,,,,,,,,,,
surname,Skoglund,Sweden,,,,,,,,,,,,,,,,,,,,
surname,Skujins,Latvia,,,,,,,,,,,,,,,,,,,,
surname,Smirnov,Russia,,,,,,,,,,,,,,,,,,,,
surname,Smit,Netherlands,,,,,,,,,,,,,,,,,,,,
surname,Smith,England,Gibraltar,Scotland,Wales,,,,,,,,,,,,,,,,,
surname,Sobczak,Poland,,,,,,,,,,,,,,,,,,,,
surname,Sobolev,Russia,,,,,,,,,,,,,,,,,,,,
surname,Softic,Bosnia,,,,,,,,,,,,,,,,,,,,
surname,Sokolov,Russia,,,,,,,,,,,,,,,,,,,,
surname,Sokolowski,Poland,,,,,,,,,,,,,,,,,,,,
surname,Solberg,Norway,,,,,,,,,,,,,,,,,,,,
surname,Solomon,Israel,,,,,,,,,,,,,,,,,,,,
surname,Solomou,Cyprus,,,,,,,,,,,,,,,,,,,,
surname,Solovyov,Russia,,,,,,,,,,,,,,,,,,,,
surname,Sorensen,Faroe Islands,,,,,,,,,,,,,,,,,,,,
surname,Sorokin,Russia,,,,,,,,,,,,,,,,,,,,
surname,Sousa,Portugal,,,,,,,,,,,,,,,,,,,,
surname,Soylu,Turkey,,,,,,,,,,,,,,,,,,,,
surname,Spahic,Bosnia,,,,,,,,,,,,,,,,,,,,
surname,Spasovski,North Macedonia,,,,,,,,,,,,,,,,,,,,
surname,Spataru,Moldova,,,,,,,,,,,,,,,,,,,,
surname,Spiteri,Malta,,,,,,,,,,,,,,,,,,,,
surname,Spyropoulos,Cyprus,Greece,,,,,,,,,,,,,,,,,,,
surname,Stan,Moldova,Romania,,,,,,,,,,,,,,,,,,,
surname,Stancu,Moldova,Romania,,,,,,,,,,,,,,,,,,,
surname,Stanic,Croatia,,,,,,,,,,,,,,,,,,,,
surname,Stankevicius,Lithuania,,,,,,,,,,,,,,,,,,,,
surname,Stankovic,Montenegro,Serbia,,,,,,,,,,,,,,,,,,,
surname,Statkevich,Belarus,,,,,,,,,,,,,,,,,,,,
surname,Stavrou,Cyprus,Greece,,,,,,,,,,,,,,,,,,,
surname,Steensen,Denmark,,,,,,,,,,,,,,,,,,,,
surname,Stefanik,Slovakia,,,,,,,,,,,,,,,,,,,,
surname,Stefanov,Bulgaria,North Macedonia,,,,,,,,,,,,,,,,,,,
surname,Stefansson,Iceland,,,,,,,,,,,,,,,,,,,,
surname,Steichen,Luxembourg,,,,,,,,,,,,,,,,,,,,
surname,Stenberg,Sweden,,,,,,,,,,,,,,,,,,,,
surname,Stepanov,Russia,,,,,,,,,,,,,,,,,,,,
surname,Stepanyan,Armenia,,,,,,,,,,,,,,,,,,,,
surname,Stewart,Scotland,,,,,,,,,,,,,,,,,,,,
surname,Stoica,Moldova,Romania,,,,,,,,,,,,,,,,,,,
surname,Stojanovic,Montenegro,Serbia,,,,,,,,,,,,,,,,,,,
surname,Stojanovski,North Macedonia,,,,,,,,,,,,,,,,,,,,
surname,Stoyanov,Bulgaria,North Macedonia,,,,,,,,,,,,,,,,,,,
surname,Straume,Latvia,,,,,,,,,,,,,,,,,,,,
surname,Strom,Norway,Sweden,,,,,,,,,,,,,,,,,,,
surname,Suarez,Andorra,Gibraltar,Spain,,,,,,,,,,,,,,,,,,
surname,Suljic,Bosnia,,,,,,,,,,,,,,,,,,,,
surname,Sultanov,Kazakhstan,,,,,,,,,,,,,,,,,,,,
surname,Sults,Estonia,,,,,,,,,,,,,,,,,,,,
surname,Sundberg,Sweden,,,,,,,,,,,,,,,,,,,,
surname,Suyumbayev,Kazakhstan,,,,,,,,,,,,,,,,,,,,
surname,Sveinsson,Iceland,,,,,,,,,,,,,,,,,,,,
surname,Svendsen,Denmark,Norway,,,,,,,,,,,,,,,,,,,
surname,Svensson,Sweden,,,,,,,,,,,,,,,,,,,,
surname,Svoboda,Czechia,,,,,,,,,,,,,,,,,,,,
surname,Sydorchuk,Ukraine,,,,,,,,,,,,,,,,,,,,
surname,Szabo,Hungary,,,,,,,,,,,,,,,,,,,,
surname,Szilagyi,Hungary,,,,,,,,,,,,,,,,,,,,
surname,Szulc,Poland,,,,,,,,,,,,,,,,,,,,
surname,Szymanski,Poland,,,,,,,,,,,,,,,,,,,,
surname,Tabatadze,Georgia,,,,,,,,,,,,,,,,,,,,
surname,Tadevosyan,Armenia,,,,,,,,,,,,,,,,,,,,
surname,Tadic,Montenegro,Serbia,,,,,,,,,,,,,,,,,,,
surname,Tagiyev,Azerbaijan,,,,,,,,,,,,,,,,,,,,
surname,Tahiri,Albania,Kosovo,,,,,,,,,,,,,,,,,,,
surname,Tal,Israel,,,,,,,,,,,,,,,,,,,,
surname,Talibov,Azerbaijan,,,,,,,,,,,,,,,,,,,,
surname,Talts,Estonia,,,,,,,,,,,,,,,,,,,,
surname,Tamm,Estonia,,,,,,,,,,,,,,,,,,,,
surname,Tamosaitis,Lithuania,,,,,,,,,,,,,,,,,,,,
surname,Tarasenko,Ukraine,,,,,,,,,,,,,,,,,,,,
surname,Tasevski,North Macedonia,,,,,,,,,,,,,,,,,,,,
surname,Taylor,England,Gibraltar,,,,,,,,,,,,,,,,,,,
surname,Tazhibayev,Kazakhstan,,,,,,,,,,,,,,,,,,,,
surname,Teixeira,Portugal,,,,,,,,,,,,,,,,,,,,
surname,Tekin,Turkey,,,,,,,,,,,,,,,,,,,,
surname,Testa,Italy,San Marino,,,,,,,,,,,,,,,,,,,
surname,Theodorou,Cyprus,Greece,,,,,,,,,,,,,,,,,,,
surname,Thill,Luxembourg,,,,,,,,,,,,,,,,,,,,
surname,Thomas,England,Gibraltar,Wales,,,,,,,,,,,,,,,,,,
surname,Thomassen,Denmark,Norway,,,,,,,,,,,,,,,,,,,
surname,Thomsen,Denmark,Faroe Islands,,,,,,,,,,,,,,,,,,,
surname,Thorsson,Iceland,,,,,,,,,,,,,,,,,,,,
surname,Thorsteinsson,Iceland,,,,,,,,,,,,,,,,,,,,
surname,Tikhonov,Russia,,,,,,,,,,,,,,,,,,,,
surname,Titov,Russia,,,,,,,,,,,,,,,,,,,,
surname,Tkachenko,Ukraine,,,,,,,,,,,,,,,,,,,,
surname,Tkachuk,Ukraine,,,,,,,,,,,,,,,,,,,,
surname,Todorov,Bulgaria,North Macedonia,,,,,,,,,,,,,,,,,,,
surname,Todorovic,Montenegro,Serbia,,,,,,,,,,,,,,,,,,,
surname,Todorovski,North Macedonia,,,,,,,,,,,,,,,,,,,,
surname,Toivonen,Finland,,,,,,,,,,,,,,,,,,,,
surname,Toleutayev,Kazakhstan,,,,,,,,,,,,,,,,,,,,
surname,Tolic,Croatia,,,,,,,,,,,,,,,,,,,,
surname,Toma,Moldova,Romania,,,,,,,,,,,,,,,,,,,
surname,Tomasevic,Montenegro,,,,,,,,,,,,,,,,,,,,
surname,Tomaszewski,Poland,,,,,,,,,,,,,,,,,,,,
surname,Tomazic,Slovenia,,,,,,,,,,,,,,,,,,,,
surname,Tomic,Croatia,,,,,,,,,,,,,,,,,,,,
surname,Tomson,Estonia,,,,,,,,,,,,,,,,,,,,
surname,Tomsons,Latvia,,,,,,,,,,,,,,,,,,,,
surname,Toom,Estonia,,,,,,,,,,,,,,,,,,,,
surname,Topal,Turkey,,,,,,,,,,,,,,,,,,,,
surname,Torgersen,Norway,,,,,,,,,,,,,,,,,,,,
surname,Torok,Hungary,,,,,,,,,,,,,,,,,,,,
surname,Torosyan,Armenia,,,,,,,,,,,,,,,,,,,,
surname,Torres,Andorra,Gibraltar,Spain,,,,,,,,,,,,,,,,,,
surname,Toth,Hungary,Slovakia,,,,,,,,,,,,,,,,,,,
surname,Trajkovski,North Macedonia,,,,,,,,,,,,,,,,,,,,
surname,Trofimov,Russia,,,,,,,,,,,,,,,,,,,,
surname,Tsiklauri,Georgia,,,,,,,,,,,,,,,,,,,,
surname,Tsimafeyeu,Belarus,,,,,,,,,,,,,,,,,,,,
surname,Tsintsadze,Georgia,,,,,,,,,,,,,,,,,,,,
surname,Tsvetanov,Bulgaria,North Macedonia,,,,,,,,,,,,,,,,,,,
surname,Tudor,Moldova,Romania,Wales,,,,,,,,,,,,,,,,,,
surname,Tulegenov,Kazakhstan,,,,,,,,,,,,,,,,,,,,
surname,Tuominen,Finland,,,,,,,,,,,,,,,,,,,,
surname,Turan,Turkey,,,,,,,,,,,,,,,,,,,,
surname,Turgeman,Israel,,,,,,,,,,,,,,,,,,,,
surname,Turk,Slovenia,,,,,,,,,,,,,,,,,,,,
surname,Turner,England,Gibraltar,,,,,,,,,,,,,,,,,,,
surname,Turpel,Luxembourg,,,,,,,,,,,,,,,,,,,,
surname,Turunen,Finland,,,,,,,,,,,,,,,,,,,,
surname,Tzortzis,Cyprus,Greece,,,,,,,,,,,,,,,,,,,
surname,Ucar,Turkey,,,,,,,,,,,,,,,,,,,,
surname,Uibo,Estonia,,,,,,,,,,,,,,,,,,,,
surname,Ujkani,Albania,Kosovo,,,,,,,,,,,,,,,,,,,
surname,Upitis,Latvia,,,,,,,,,,,,,,,,,,,,
surname,Urban,Slovakia,,,,,,,,,,,,,,,,,,,,
surname,Urbanski,Poland,,,,,,,,,,,,,,,,,,,,
surname,Urbonas,Lithuania,,,,,,,,,,,,,,,,,,,,
surname,Ursu,Moldova,,,,,,,,,,,,,,,,,,,,
surname,Uysal,Turkey,,,,,,,,,,,,,,,,,,,,
surname,Vaher,Estonia,,,,,,,,,,,,,,,,,,,,
surname,Vainio,Finland,,,,,,,,,,,,,,,,,,,,
surname,Vaknin,Israel,,,,,,,,,,,,,,,,,,,,
surname,Valantas,Lithuania,,,,,,,,,,,,,,,,,,,,
surname,Valberg,Norway,,,,,,,,,,,,,,,,,,,,
surname,Valge,Estonia,,,,,,,,,,,,,,,,,,,,
surname,Valiyev,Azerbaijan,,,,,,,,,,,,,,,,,,,,
surname,Valko,Slovakia,,,,,,,,,,,,,,,,,,,,
surname,Valsson,Iceland,,,,,,,,,,,,,,,,,,,,
surname,Valverde,Andorra,Gibraltar,Spain,,,,,,,,,,,,,,,,,,
surname,Van Dam,Netherlands,,,,,,,,,,,,,,,,,,,,
surname,Van den Berg,Belgium,Netherlands,,,,,,,,,,,,,,,,,,,
surname,Van der Meer,Netherlands,,,,,,,,,,,,,,,,,,,,
surname,Van der Velde,Netherlands,,,,,,,,,,,,,,,,,,,,
surname,Van der Ven,Netherlands,,,,,,,,,,,,,,,,,,,,
surname,Van Dijk,Netherlands,,,,,,,,,,,,,,,,,,,,
surname,Van Dooren,Belgium,,,,,,,,,,,,,,,,,,,,
surname,Van Houten,Netherlands,,,,,,,,,,,,,,,,,,,,
surname,Van Leeuwen,Netherlands,,,,,,,,,,,,,,,,,,,,
surname,Van Loon,Belgium,Netherlands,,,,,,,,,,,,,,,,,,,
surname,Van Roy,Belgium,,,,,,,,,,,,,,,,,,,,
surname,Van Vliet,Netherlands,,,,,,,,,,,,,,,,,,,,
surname,Vanags,Latvia,,,,,,,,,,,,,,,,,,,,
surname,Vardanyan,Armenia,,,,,,,,,,,,,,,,,,,,
surname,Vares,Estonia,,,,,,,,,,,,,,,,,,,,
surname,Varga,Hungary,Slovakia,,,,,,,,,,,,,,,,,,,
surname,Vargas,Andorra,Gibraltar,Spain,,,,,,,,,,,,,,,,,,
surname,Vashakidze,Georgia,,,,,,,,,,,,,,,,,,,,
surname,Vasic,Montenegro,Serbia,,,,,,,,,,,,,,,,,,,
surname,Vasile,Moldova,Romania,,,,,,,,,,,,,,,,,,,
surname,Vasileiou,Cyprus,Greece,,,,,,,,,,,,,,,,,,,
surname,Vasilev,Bulgaria,North Macedonia,,,,,,,,,,,,,,,,,,,
surname,Vasilevich,Belarus,,,,,,,,,,,,,,,,,,,,
surname,Vasilevski,North Macedonia,,,,,,,,,,,,,,,,,,,,
surname,Vasiliauskas,Lithuania,,,,,,,,,,,,,,,,,,,,
surname,Vasiliev,Russia,,,,,,,,,,,,,,,,,,,,
surname,Vata,Albania,Kosovo,,,,,,,,,,,,,,,,,,,
surname,Vatnhamar,Faroe Islands,,,,,,,,,,,,,,,,,,,,
surname,Vaughan,Wales,,,,,,,,,,,,,,,,,,,,
surname,Vaz,Portugal,,,,,,,,,,,,,,,,,,,,
surname,Vega,Andorra,Gibraltar,Spain,,,,,,,,,,,,,,,,,,
surname,Velasco,Andorra,Gibraltar,Spain,,,,,,,,,,,,,,,,,,
surname,Veliyev,Azerbaijan,,,,,,,,,,,,,,,,,,,,
surname,Velkovski,North Macedonia,,,,,,,,,,,,,,,,,,,,
surname,Vella,Malta,,,,,,,,,,,,,,,,,,,,
surname,Ventura,Portugal,,,,,,,,,,,,,,,,,,,,
surname,Verbeek,Netherlands,,,,,,,,,,,,,,,,,,,,
surname,Verbic,Slovenia,,,,,,,,,,,,,,,,,,,,
surname,Vermeulen,Belgium,Netherlands,,,,,,,,,,,,,,,,,,,
surname,Vesely,Czechia,,,,,,,,,,,,,,,,,,,,
surname,Vicente,Andorra,Gibraltar,Spain,,,,,,,,,,,,,,,,,,
surname,Vidal,Andorra,Gibraltar,Spain,,,,,,,,,,,,,,,,,,
surname,Vidmar,Slovenia,,,,,,,,,,,,,,,,,,,,
surname,Vidovic,Croatia,,,,,,,,,,,,,,,,,,,,
surname,Vieira,Portugal,,,,,,,,,,,,,,,,,,,,
surname,Vik,Norway,,,,,,,,,,,,,,,,,,,,
surname,Viks,Estonia,,,,,,,,,,,,,,,,,,,,
surname,Vila,Andorra,Gibraltar,Spain,,,,,,,,,,,,,,,,,,
surname,Vill,Estonia,,,,,,,,,,,,,,,,,,,,
surname,Villa,Italy,San Marino,,,,,,,,,,,,,,,,,,,
surname,Vincze,Hungary,,,,,,,,,,,,,,,,,,,,
surname,Vinogradov,Russia,,,,,,,,,,,,,,,,,,,,
surname,Virtanen,Finland,,,,,,,,,,,,,,,,,,,,
surname,Visca,Bosnia,,,,,,,,,,,,,,,,,,,,
surname,Visser,Netherlands,,,,,,,,,,,,,,,,,,,,
surname,Vitols,Latvia,,,,,,,,,,,,,,,,,,,,
surname,Vlachos,Cyprus,Greece,,,,,,,,,,,,,,,,,,,
surname,Vlcek,Czechia,,,,,,,,,,,,,,,,,,,,
surname,Vogel,Austria,Germany,Liechtenstein,Switzerland,,,,,,,,,,,,,,,,,
surname,Voicu,Moldova,Romania,,,,,,,,,,,,,,,,,,,
surname,Volkau,Belarus,,,,,,,,,,,,,,,,,,,,
surname,Volkov,Russia,,,,,,,,,,,,,,,,,,,,
surname,Vorobyov,Russia,,,,,,,,,,,,,,,,,,,,
surname,Vos,Netherlands,,,,,,,,,,,,,,,,,,,,
surname,Vremea,Moldova,,,,,,,,,,,,,,,,,,,,
surname,Vucinic,Montenegro,,,,,,,,,,,,,,,,,,,,
surname,Vujacic,Montenegro,,,,,,,,,,,,,,,,,,,,
surname,Vukcevic,Montenegro,,,,,,,,,,,,,,,,,,,,
surname,Vukovic,Croatia,Montenegro,,,,,,,,,,,,,,,,,,,
surname,Wagner,Austria,Germany,Liechtenstein,Luxembourg,,,,,,,,,,,,,,,,,
surname,Wahlberg,Sweden,,,,,,,,,,,,,,,,,,,,
surname,Walker,England,Gibraltar,,,,,,,,,,,,,,,,,,,
surname,Wallace,Scotland,,,,,,,,,,,,,,,,,,,,
surname,Wallin,Sweden,,,,,,,,,,,,,,,,,,,,
surname,Walsh,Republic of Ireland,,,,,,,,,,,,,,,,,,,,
surname,Washington,Northern Ireland,,,,,,,,,,,,,,,,,,,,
surname,Wasilewski,Poland,,,,,,,,,,,,,,,,,,,,
surname,Weber,Austria,Germany,Liechtenstein,Switzerland,,,,,,,,,,,,,,,,,
surname,Webster,England,Gibraltar,,,,,,,,,,,,,,,,,,,
surname,Weis,Luxembourg,,,,,,,,,,,,,,,,,,,,
surname,Weiss,Austria,Germany,Israel,Liechtenstein,Switzerland,,,,,,,,,,,,,,,,
surname,Werner,Germany,,,,,,,,,,,,,,,,,,,,
surname,Westberg,Sweden,,,,,,,,,,,,,,,,,,,,
surname,White,England,Gibraltar,,,,,,,,,,,,,,,,,,,
surname,Whyte,Northern Ireland,,,,,,,,,,,,,,,,,,,,
surname,Williams,England,Gibraltar,Wales,,,,,,,,,,,,,,,,,,
surname,Wilmes,Luxembourg,,,,,,,,,,,,,,,,,,,,
surname,Wilson,England,Gibraltar,Scotland,,,,,,,,,,,,,,,,,,
surname,Winter,Germany,Netherlands,,,,,,,,,,,,,,,,,,,
surname,Winther,Denmark,Faroe Islands,,,,,,,,,,,,,,,,,,,
surname,Wisniewski,Poland,,,,,,,,,,,,,,,,,,,,
surname,Wlodarczyk,Poland,,,,,,,,,,,,,,,,,,,,
surname,Wojciechowski,Poland,,,,,,,,,,,,,,,,,,,,
surname,Wojcik,Poland,,,,,,,,,,,,,,,,,,,,
surname,Wolf,Austria,Germany,Liechtenstein,,,,,,,,,,,,,,,,,,
surname,Wright,England,Gibraltar,,,,,,,,,,,,,,,,,,,
surname,Wrobel,Poland,,,,,,,,,,,,,,,,,,,,
surname,Wynne,Wales,,,,,,,,,,,,,,,,,,,,
surname,Xavier,Portugal,,,,,,,,,,,,,,,,,,,,
surname,Xhaka,Albania,Kosovo,,,,,,,,,,,,,,,,,,,
surname,Xuereb,Malta,,,,,,,,,,,,,,,,,,,,
surname,Yakovlev,Russia,,,,,,,,,,,,,,,,,,,,
surname,Yakubovich,Belarus,,,,,,,,,,,,,,,,,,,,
surname,Yarmolenka,Belarus,,,,,,,,,,,,,,,,,,,,
surname,Yarmolenko,Ukraine,,,,,,,,,,,,,,,,,,,,
surname,Yavuz,Turkey,,,,,,,,,,,,,,,,,,,,
surname,Yeghiazaryan,Armenia,,,,,,,,,,,,,,,,,,,,
surname,Yerlanov,Kazakhstan,,,,,,,,,,,,,,,,,,,,
surname,Yermolenko,Ukraine,,,,,,,,,,,,,,,,,,,,
surname,Yesbolat,Kazakhstan,,,,,,,,,,,,,,,,,,,,
surname,Yildirim,Turkey,,,,,,,,,,,,,,,,,,,,
surname,Yildiz,Turkey,,,,,,,,,,,,,,,,,,,,
surname,Yilmaz,Turkey,,,,,,,,,,,,,,,,,,,,
surname,Yordanov,Bulgaria,North Macedonia,,,,,,,,,,,,,,,,,,,
surname,Yosef,Israel,,,,,,,,,,,,,,,,,,,,
surname,Young,England,Gibraltar,Scotland,,,,,,,,,,,,,,,,,,
surname,Yuksel,Turkey,,,,,,,,,,,,,,,,,,,,
surname,Yusifov,Azerbaijan,,,,,,,,,,,,,,,,,,,,
surname,Zafeiris,Cyprus,Greece,,,,,,,,,,,,,,,,,,,
surname,Zafirovski,North Macedonia,,,,,,,,,,,,,,,,,,,,
surname,Zaharia,Moldova,Romania,,,,,,,,,,,,,,,,,,,
surname,Zahavi,Israel,,,,,,,,,,,,,,,,,,,,
surname,Zaitsev,Russia,,,,,,,,,,,,,,,,,,,,
surname,Zajac,Poland,,,,,,,,,,,,,,,,,,,,
surname,Zajc,Slovenia,,,,,,,,,,,,,,,,,,,,
surname,Zakaryan,Armenia,,,,,,,,,,,,,,,,,,,,
surname,Zakharov,Russia,,,,,,,,,,,,,,,,,,,,
surname,Zammit,Malta,,,,,,,,,,,,,,,,,,,,
surname,Zamora,Andorra,Gibraltar,Spain,,,,,,,,,,,,,,,,,,
surname,Zaragoza,Andorra,Gibraltar,Spain,,,,,,,,,,,,,,,,,,
surname,Zaric,Montenegro,,,,,,,,,,,,,,,,,,,,
surname,Zarins,Latvia,,,,,,,,,,,,,,,,,,,,
surname,Zdravkovski,North Macedonia,,,,,,,,,,,,,,,,,,,,
surname,Zemaitis,Lithuania,,,,,,,,,,,,,,,,,,,,
surname,Zeman,Czechia,Slovakia,,,,,,,,,,,,,,,,,,,
surname,Zeneli,Albania,Kosovo,,,,,,,,,,,,,,,,,,,
surname,Zengin,Turkey,,,,,,,,,,,,,,,,,,,,
surname,Zenner,Luxembourg,,,,,,,,,,,,,,,,,,,,
surname,Zeynalov,Azerbaijan,,,,,,,,,,,,,,,,,,,,
surname,Zhaksybekov,Kazakhstan,,,,,,,,,,,,,,,,,,,,
surname,Zhanabayev,Kazakhstan,,,,,,,,,,,,,,,,,,,,
surname,Zhuk,Belarus,,,,,,,,,,,,,,,,,,,,
surname,Zhukov,Russia,,,,,,,,,,,,,,,,,,,,
surname,Zhumabayev,Kazakhstan,,,,,,,,,,,,,,,,,,,,
surname,Zielinski,Poland,,,,,,,,,,,,,,,,,,,,
surname,Zilinskas,Lithuania,,,,,,,,,,,,,,,,,,,,
surname,Zimmermann,Austria,Germany,Liechtenstein,Switzerland,,,,,,,,,,,,,,,,,
surname,Zinchenko,Ukraine,,,,,,,,,,,,,,,,,,,,
surname,Zivkovic,Montenegro,Serbia,,,,,,,,,,,,,,,,,,,
surname,Zivzivadze,Georgia,,,,,,,,,,,,,,,,,,,,
surname,Zlatev,Bulgaria,North Macedonia,,,,,,,,,,,,,,,,,,,
surname,Zohar,Israel,,,,,,,,,,,,,,,,,,,,
surname,Zoric,Croatia,,,,,,,,,,,,,,,,,,,,
surname,Zorko,Slovenia,,,,,,,,,,,,,,,,,,,,
surname,Zukauskas,Lithuania,,,,,,,,,,,,,,,,,,,,
surname,Zukic,Bosnia,,,,,,,,,,,,,,,,,,,,
surname,Zupan,Slovenia,,,,,,,,,,,,,,,,,,,,
surname,Zupancic,Slovenia,,,,,,,,,,,,,,,,,,,,
surname,Zvirgzdins,Latvia,,,,,,,,,,,,,,,,,,,,
